index,time,trend,event,reason,candle_count,open,high,low,close,swing_high,swing_low,poi_type,poi_high,poi_low,poi_activation_time,candidate_low,candidate_high,protected_low,protected_high,bullish_count,bearish_count,depth_ratio,depth_valid
0,2022-01-25 04:00:00,BEARISH,start,,,,,,,,,,,,,,,,,,,,
45,2022-01-25 04:00:00,BEARISH,pullback_check_bearish,,,1.12976,1.13003,1.12664,1.12677,,,,,,,1.12664,,,1.14827,0.0,,0.15672676837725533,False
46,2022-01-25 08:00:00,BEARISH,pullback_check_bearish,,,1.12678,1.12869,1.12631,1.12842,,,,,,,1.12631,,,1.14827,0.0,,0.10837887067395496,False
47,2022-01-25 12:00:00,BEARISH,pullback_check_bearish,,,1.12842,1.13069,1.1282,1.13042,,,,,,,1.12631,,,1.14827,1.0,,0.1994535519125708,False
48,2022-01-25 16:00:00,BEARISH,pullback_check_bearish,,,1.13043,1.13058,1.12942,1.13031,,,,,,,1.12631,,,1.14827,1.0,,0.19444444444444445,False
49,2022-01-25 20:00:00,BEARISH,pullback_check_bearish,,,1.13033,1.13107,1.13006,1.13016,,,,,,,1.12631,,,1.14827,1.0,,0.21675774134790993,False
50,2022-01-26 00:00:00,BEARISH,pullback_check_bearish,,,1.13016,1.13052,1.12842,1.1288,,,,,,,1.12631,,,1.14827,1.0,,0.1917122040072883,False
51,2022-01-26 04:00:00,BEARISH,pullback_check_bearish,,,1.12879,1.12914,1.12751,1.12762,,,,,,,1.12631,,,1.14827,1.0,,0.12887067395264631,False
52,2022-01-26 08:00:00,BEARISH,pullback_check_bearish,,,1.12765,1.12963,1.12715,1.12789,,,,,,,1.12631,,,1.14827,2.0,,0.15118397085610166,False
53,2022-01-26 12:00:00,BEARISH,pullback_check_bearish,,,1.12788,1.13006,1.12354,1.12401,,,,,,,1.12354,,,1.14827,0.0,,0.2636473918317874,False
54,2022-01-26 16:00:00,BEARISH,pullback_check_bearish,,,1.12403,1.1244,1.1232,1.12338,,,,,,,1.1232,,,1.14827,0.0,,0.047865975269249836,False
55,2022-01-26 20:00:00,BEARISH,pullback_check_bearish,,,1.12339,1.12344,1.12185,1.12222,,,,,,,1.12185,,,1.14827,0.0,,0.060181680545041145,False
56,2022-01-27 00:00:00,BEARISH,pullback_check_bearish,,,1.12221,1.12221,1.11931,1.1201,,,,,,,1.11931,,,1.14827,0.0,,0.10013812154695839,False
57,2022-01-27 04:00:00,BEARISH,pullback_check_bearish,,,1.12013,1.12037,1.11521,1.11573,,,,,,,1.11521,,,1.14827,0.0,,0.15607985480943962,False
58,2022-01-27 08:00:00,BEARISH,pullback_check_bearish,,,1.11572,1.11621,1.11312,1.11423,,,,,,,1.11312,,,1.14827,0.0,,0.08790896159316738,False
59,2022-01-27 12:00:00,BEARISH,pullback_check_bearish,,,1.11425,1.11514,1.11357,1.11426,,,,,,,1.11312,,,1.14827,1.0,,0.05746799431009737,False
60,2022-01-27 16:00:00,BEARISH,pullback_check_bearish,,,1.11426,1.11473,1.11379,1.11468,,,,,,,1.11312,,,1.14827,2.0,,0.0458036984352745,False
61,2022-01-27 20:00:00,BEARISH,pullback_check_bearish,,,1.11465,1.11558,1.1143,1.1152,,,,,,,1.11312,,,1.14827,3.0,,0.0699857752489309,False
62,2022-01-28 00:00:00,BEARISH,pullback_check_bearish,,,1.11519,1.11549,1.11213,1.1136,,,,,,,1.11213,,,1.14827,0.0,,0.09297177642501507,False
63,2022-01-28 04:00:00,BEARISH,pullback_check_bearish,,,1.11361,1.11437,1.11253,1.11268,,,,,,,1.11213,,,1.14827,0.0,,0.06198118428334338,False
64,2022-01-28 08:00:00,BEARISH,pullback_check_bearish,,,1.11268,1.11735,1.11268,1.11605,,,,,,,1.11213,,,1.14827,1.0,,0.14443829551743292,False
65,2022-01-28 12:00:00,BEARISH,pullback_check_bearish,,,1.11605,1.11633,1.1141,1.11502,,,,,,,1.11213,,,1.14827,1.0,,0.1162147205312673,False
66,2022-01-28 16:00:00,BEARISH,pullback_check_bearish,,,1.11502,1.11513,1.11449,1.1145,,,,,,,1.11213,,,1.14827,1.0,,0.0830105146651883,False
67,2022-01-30 16:00:00,BEARISH,pullback_check_bearish,,,1.11422,1.11542,1.1138,1.1145,,,,,,,1.11213,,,1.14827,2.0,,0.09103486441616021,False
68,2022-01-30 20:00:00,BEARISH,pullback_check_bearish,,,1.11452,1.11636,1.11445,1.11616,,,,,,,1.11213,,,1.14827,3.0,,0.1170448256779185,False
69,2022-01-31 00:00:00,BEARISH,pullback_check_bearish,,,1.11615,1.11823,1.11605,1.11705,,,,,,,1.11213,,,1.14827,4.0,,0.1687880464858888,False
70,2022-01-31 04:00:00,BEARISH,pullback_check_bearish,,,1.11706,1.11819,1.11462,1.11563,,,,,,,1.11213,,,1.14827,4.0,,0.16768123962368514,False
71,2022-01-31 08:00:00,BEARISH,pullback_check_bearish,,,1.11562,1.12178,1.11525,1.12101,,,,,,,1.11213,,,1.14827,5.0,,0.26701715550636357,False
72,2022-01-31 12:00:00,BEARISH,pullback_check_bearish,,,1.12101,1.12478,1.12093,1.1235,,,,,,,1.11213,,,1.14827,6.0,,0.35002767017155184,False
73,2022-01-31 16:00:00,BEARISH,pullback_check_bearish,,,1.12349,1.12353,1.12209,1.12238,,,,,,,1.11213,,,1.14827,6.0,,0.3154399557277229,False
74,2022-01-31 20:00:00,BEARISH,pullback_check_bearish,,,1.12238,1.12447,1.12214,1.1243,,,,,,,1.11213,,,1.14827,7.0,,0.34144991698948735,False
75,2022-02-01 00:00:00,BEARISH,pullback_check_bearish,,,1.1243,1.12694,1.12342,1.12572,,,,,,,1.11213,,,1.14827,8.0,,0.40979524073049406,False
76,2022-02-01 04:00:00,BEARISH,pullback_check_bearish,,,1.12572,1.12786,1.12536,1.12612,,,,,,,1.11213,,,1.14827,9.0,,0.43525179856115365,False
77,2022-02-01 08:00:00,BEARISH,pullback_check_bearish,,,1.12615,1.12743,1.12342,1.1239,,,,,,,1.11213,,,1.14827,9.0,,0.42335362479247196,False
78,2022-02-01 12:00:00,BEARISH,pullback_check_bearish,,,1.12391,1.12705,1.12359,1.12686,,,,,,,1.11213,,,1.14827,10.0,,0.4128389596015526,False
78,2022-02-01 12:00:00,BEARISH,pullback_confirmed,confirmed_by_candle_count (10),10.0,1.12391,1.12705,1.12359,1.12686,1.14827,1.11213,,,,,,,,,,,,
1,2022-01-21 16:00:00,BEARISH,poi_detected,"displacement candle confirmed, base candle not broken",,,,,,,,OB,1.13453,1.13325,,,,,,,,,
120,2022-02-10 08:00:00,BEARISH,choch_4h,price closed above previous swing high → structure invalidated,,1.14719,1.14896,1.14708,1.14835,1.14827,,,,,,,,,,,,,
0,2022-02-10 11:10:00,BULLISH,start,,,,,,,,,,,,,,,,,,,,
59,2022-02-10 12:00:00,BULLISH,pullback_check_bullish,,,1.14887,1.14887,1.14311,1.14311,,,,,,,,1.14887,1.11213,,,0.0,0.1567773543821445,False
60,2022-02-10 16:00:00,BULLISH,pullback_check_bullish,,,1.14311,1.14332,1.13858,1.13996,,,,,,,,1.14887,1.11213,,,1.0,0.2800762112139394,False
61,2022-02-10 20:00:00,BULLISH,pullback_check_bullish,,,1.13997,1.14068,1.13749,1.13808,,,,,,,,1.14887,1.11213,,,2.0,0.309744148067506,False
62,2022-02-11 00:00:00,BULLISH,pullback_check_bullish,,,1.13809,1.13979,1.13699,1.13931,,,,,,,,1.14887,1.11213,,,2.0,0.32335329341317676,False
63,2022-02-11 04:00:00,BULLISH,pullback_check_bullish,,,1.1393,1.14147,1.13822,1.1406,,,,,,,,1.14887,1.11213,,,2.0,0.28987479586282117,False
64,2022-02-11 08:00:00,BULLISH,pullback_check_bullish,,,1.14059,1.1418,1.13801,1.14048,,,,,,,,1.14887,1.11213,,,3.0,0.29559063690800474,False
65,2022-02-11 12:00:00,BULLISH,pullback_check_bullish,,,1.14048,1.14076,1.13296,1.13414,,,,,,,,1.14887,1.11213,,,4.0,0.43304300489929487,False
66,2022-02-11 16:00:00,BULLISH,pullback_check_bullish,,,1.13413,1.13515,1.13398,1.13463,,,,,,,,1.14887,1.11213,,,4.0,0.4052803483941228,False
67,2022-02-13 16:00:00,BULLISH,pullback_check_bullish,,,1.13369,1.1369,1.13365,1.13623,,,,,,,,1.14887,1.11213,,,4.0,0.4142623843222649,False
68,2022-02-13 20:00:00,BULLISH,pullback_check_bullish,,,1.13622,1.1365,1.13405,1.1345,,,,,,,,1.14887,1.11213,,,5.0,0.4033750680457283,False
69,2022-02-14 00:00:00,BULLISH,pullback_check_bullish,,,1.1345,1.13522,1.13037,1.13092,,,,,,,,1.14887,1.11213,,,6.0,0.5035383777898738,False
70,2022-02-14 04:00:00,BULLISH,pullback_check_bullish,,,1.13092,1.13423,1.13008,1.1327,,,,,,,,1.14887,1.11213,,,6.0,0.511431682090367,False
71,2022-02-14 08:00:00,BULLISH,pullback_check_bullish,,,1.13271,1.13311,1.12915,1.13062,,,,,,,,1.14887,1.11213,,,7.0,0.5367446924333141,False
72,2022-02-14 12:00:00,BULLISH,pullback_check_bullish,,,1.13061,1.13142,1.12799,1.1294,,,,,,,,1.14887,1.11213,,,8.0,0.5683179096352753,False
73,2022-02-14 16:00:00,BULLISH,pullback_check_bullish,,,1.12939,1.13131,1.12939,1.13117,,,,,,,,1.14887,1.11213,,,8.0,0.530212302667397,False
74,2022-02-14 20:00:00,BULLISH,pullback_check_bullish,,,1.13115,1.13224,1.13084,1.1319,,,,,,,,1.14887,1.11213,,,8.0,0.49074578116494266,False
75,2022-02-15 00:00:00,BULLISH,pullback_check_bullish,,,1.13189,1.13488,1.13093,1.13459,,,,,,,,1.14887,1.11213,,,8.0,0.48829613500272373,False
76,2022-02-15 04:00:00,BULLISH,pullback_check_bullish,,,1.13459,1.13537,1.13359,1.13405,,,,,,,,1.14887,1.11213,,,9.0,0.4158954817637442,False
77,2022-02-15 08:00:00,BULLISH,pullback_check_bullish,,,1.13404,1.13681,1.13202,1.13624,,,,,,,,1.14887,1.11213,,,9.0,0.4586281981491572,False
78,2022-02-15 12:00:00,BULLISH,pullback_check_bullish,,,1.13623,1.13642,1.1346,1.13582,,,,,,,,1.14887,1.11213,,,10.0,0.3884050081654874,False
78,2022-02-15 12:00:00,BULLISH,pullback_confirmed,confirmed_by_candle_count (10),10.0,1.13623,1.13642,1.1346,1.13582,1.14887,1.11213,,,,,,,,,,,,
1,2022-02-02 20:00:00,BULLISH,poi_detected,"displacement candle confirmed, base candle not broken",,,,,,,,OB,1.13082,1.12672,,,,,,,,,
2,2022-01-28 16:00:00,BULLISH,poi_detected,"pullback candles met, not tapped yet",,,,,,,,LIQ,,1.11213,,,,,,,,,
120,2022-02-24 08:00:00,BULLISH,choch_4h,price closed below previous swing low → structure invalidated,,1.11238,1.11241,1.1108,1.11096,,1.11213,,,,,,,,,,,,
0,2022-02-24 10:55:00,BEARISH,start,,,,,,,,,,,,,,,,,,,,
62,2022-02-24 12:00:00,BEARISH,pullback_check_bearish,,,1.11501,1.12212,1.11408,1.11996,,,,,,,1.11408,,,1.14887,0.0,,0.23110089106065032,False
63,2022-02-24 16:00:00,BEARISH,pullback_check_bearish,,,1.11999,1.12094,1.11864,1.12014,,,,,,,1.11408,,,1.14887,1.0,,0.19718309859155128,False
64,2022-02-24 20:00:00,BEARISH,pullback_check_bearish,,,1.12018,1.12285,1.11895,1.12214,,,,,,,1.11408,,,1.14887,2.0,,0.25208393216441277,False
65,2022-02-25 00:00:00,BEARISH,pullback_check_bearish,,,1.12213,1.12256,1.11701,1.11775,,,,,,,1.11408,,,1.14887,2.0,,0.24374820350675536,False
66,2022-02-25 04:00:00,BEARISH,pullback_check_bearish,,,1.11774,1.12369,1.11659,1.12211,,,,,,,1.11408,,,1.14887,3.0,,0.27622880137970945,False
67,2022-02-25 08:00:00,BEARISH,pullback_check_bearish,,,1.12213,1.12669,1.12118,1.12591,,,,,,,1.11408,,,1.14887,4.0,,0.3624604771486052,False
68,2022-02-25 12:00:00,BEARISH,pullback_check_bearish,,,1.12591,1.12711,1.1235,1.12656,,,,,,,1.11408,,,1.14887,5.0,,0.37453291175625353,False
69,2022-02-25 16:00:00,BEARISH,pullback_check_bearish,,,1.12657,1.12739,1.12643,1.12719,,,,,,,1.11408,,,1.14887,6.0,,0.3825812014946794,False
70,2022-02-27 16:00:00,BEARISH,pullback_check_bearish,,,1.11237,1.11944,1.11225,1.11817,,,,,,,1.11225,,,1.14887,0.0,,0.196340797378482,False
71,2022-02-27 20:00:00,BEARISH,pullback_check_bearish,,,1.11818,1.11859,1.11421,1.11458,,,,,,,1.11225,,,1.14887,0.0,,0.17312943746586554,False
72,2022-02-28 00:00:00,BEARISH,pullback_check_bearish,,,1.11462,1.12,1.11445,1.11787,,,,,,,1.11225,,,1.14887,1.0,,0.21163298743856157,False
73,2022-02-28 04:00:00,BEARISH,pullback_check_bearish,,,1.11788,1.12321,1.11649,1.11928,,,,,,,1.11225,,,1.14887,2.0,,0.29929000546149787,False
74,2022-02-28 08:00:00,BEARISH,pullback_check_bearish,,,1.11929,1.12464,1.11791,1.12242,,,,,,,1.11225,,,1.14887,3.0,,0.33833970507919414,False
75,2022-02-28 12:00:00,BEARISH,pullback_check_bearish,,,1.12242,1.12283,1.11974,1.12103,,,,,,,1.11225,,,1.14887,3.0,,0.28891316220644475,False
76,2022-02-28 16:00:00,BEARISH,pullback_check_bearish,,,1.12102,1.12203,1.12052,1.12054,,,,,,,1.11225,,,1.14887,3.0,,0.267067176406338,False
77,2022-02-28 20:00:00,BEARISH,pullback_check_bearish,,,1.12056,1.12103,1.11906,1.11964,,,,,,,1.11225,,,1.14887,3.0,,0.23975969415619844,False
78,2022-03-01 00:00:00,BEARISH,pullback_check_bearish,,,1.11962,1.12329,1.11938,1.12266,,,,,,,1.11225,,,1.14887,4.0,,0.3014746040415049,False
79,2022-03-01 04:00:00,BEARISH,pullback_check_bearish,,,1.12267,1.12295,1.1156,1.116,,,,,,,1.11225,,,1.14887,4.0,,0.2921900600764583,False
80,2022-03-01 08:00:00,BEARISH,pullback_check_bearish,,,1.11601,1.117,1.10991,1.11031,,,,,,,1.10991,,,1.14887,0.0,,0.1819815195071874,False
81,2022-03-01 12:00:00,BEARISH,pullback_check_bearish,,,1.11031,1.11348,1.10896,1.11302,,,,,,,1.10896,,,1.14887,0.0,,0.1132548233525449,False
82,2022-03-01 16:00:00,BEARISH,pullback_check_bearish,,,1.11301,1.11379,1.11177,1.11264,,,,,,,1.10896,,,1.14887,0.0,,0.1210223001753971,False
83,2022-03-01 20:00:00,BEARISH,pullback_check_bearish,,,1.11264,1.11355,1.1111,1.1123,,,,,,,1.10896,,,1.14887,0.0,,0.1150087697318988,False
84,2022-03-02 00:00:00,BEARISH,pullback_check_bearish,,,1.11228,1.11229,1.10796,1.10856,,,,,,,1.10796,,,1.14887,0.0,,0.10584209239794537,False
85,2022-03-02 04:00:00,BEARISH,pullback_check_bearish,,,1.10855,1.11192,1.10588,1.1117,,,,,,,1.10588,,,1.14887,0.0,,0.14049779018376446,False
86,2022-03-02 08:00:00,BEARISH,pullback_check_bearish,,,1.11173,1.11437,1.10573,1.11023,,,,,,,1.10573,,,1.14887,0.0,,0.2002781641168287,False
87,2022-03-02 12:00:00,BEARISH,pullback_check_bearish,,,1.11022,1.11341,1.10786,1.11269,,,,,,,1.10573,,,1.14887,1.0,,0.17802503477051268,False
88,2022-03-02 16:00:00,BEARISH,pullback_check_bearish,,,1.11269,1.11289,1.11006,1.11021,,,,,,,1.10573,,,1.14887,1.0,,0.16597125637459065,False
89,2022-03-02 20:00:00,BEARISH,pullback_check_bearish,,,1.11022,1.11066,1.109,1.10977,,,,,,,1.10573,,,1.14887,1.0,,0.114279091330549,False
90,2022-03-03 00:00:00,BEARISH,pullback_check_bearish,,,1.10978,1.11062,1.10824,1.10911,,,,,,,1.10573,,,1.14887,1.0,,0.11335187760778498,False
91,2022-03-03 04:00:00,BEARISH,pullback_check_bearish,,,1.10911,1.10968,1.10717,1.10752,,,,,,,1.10573,,,1.14887,1.0,,0.09156235512285354,False
92,2022-03-03 08:00:00,BEARISH,pullback_check_bearish,,,1.10755,1.1095,1.10375,1.10543,,,,,,,1.10375,,,1.14887,0.0,,0.12743794326240948,False
93,2022-03-03 12:00:00,BEARISH,pullback_check_bearish,,,1.10544,1.10678,1.10334,1.10628,,,,,,,1.10334,,,1.14887,0.0,,0.07555457939820127,False
94,2022-03-03 16:00:00,BEARISH,pullback_check_bearish,,,1.10627,1.10677,1.101,1.10124,,,,,,,1.101,,,1.14887,0.0,,0.12053478170043959,False
95,2022-03-03 20:00:00,BEARISH,pullback_check_bearish,,,1.10122,1.10517,1.10112,1.10354,,,,,,,1.101,,,1.14887,1.0,,0.08711092542302068,False
96,2022-03-04 00:00:00,BEARISH,pullback_check_bearish,,,1.10354,1.10391,1.10083,1.1012,,,,,,,1.10083,,,1.14887,0.0,,0.06411323896752635,False
97,2022-03-04 04:00:00,BEARISH,pullback_check_bearish,,,1.10118,1.10242,1.09341,1.09372,,,,,,,1.09341,,,1.14887,0.0,,0.1624594302199775,False
98,2022-03-04 08:00:00,BEARISH,pullback_check_bearish,,,1.09373,1.09448,1.08856,1.09085,,,,,,,1.08856,,,1.14887,0.0,,0.09815950920245262,False
99,2022-03-04 12:00:00,BEARISH,pullback_check_bearish,,,1.09087,1.09368,1.0908,1.09342,,,,,,,1.08856,,,1.14887,1.0,,0.08489471066158193,False
100,2022-03-04 16:00:00,BEARISH,pullback_check_bearish,,,1.09344,1.09404,1.09254,1.09311,,,,,,,1.08856,,,1.14887,1.0,,0.090863870004973,False
101,2022-03-06 16:00:00,BEARISH,pullback_check_bearish,,,1.09199,1.09287,1.08623,1.08623,,,,,,,1.08623,,,1.14887,0.0,,0.10600255427841597,False
102,2022-03-06 20:00:00,BEARISH,pullback_check_bearish,,,1.08619,1.08863,1.08213,1.08795,,,,,,,1.08213,,,1.14887,0.0,,0.09739286784536931,False
103,2022-03-07 00:00:00,BEARISH,pullback_check_bearish,,,1.08791,1.08978,1.08538,1.08626,,,,,,,1.08213,,,1.14887,0.0,,0.11462391369493455,False
104,2022-03-07 04:00:00,BEARISH,pullback_check_bearish,,,1.08626,1.09253,1.08059,1.08872,,,,,,,1.08059,,,1.14887,0.0,,0.17486818980667898,False
105,2022-03-07 08:00:00,BEARISH,pullback_check_bearish,,,1.08878,1.09325,1.08483,1.086,,,,,,,1.08059,,,1.14887,0.0,,0.18541300527240911,False
106,2022-03-07 12:00:00,BEARISH,pullback_check_bearish,,,1.086,1.09003,1.08455,1.08703,,,,,,,1.08059,,,1.14887,1.0,,0.1382542472173418,False
107,2022-03-07 16:00:00,BEARISH,pullback_check_bearish,,,1.08702,1.08716,1.08489,1.08571,,,,,,,1.08059,,,1.14887,1.0,,0.09622144112477964,False
108,2022-03-07 20:00:00,BEARISH,pullback_check_bearish,,,1.08572,1.08847,1.08531,1.08699,,,,,,,1.08059,,,1.14887,2.0,,0.11540714704159484,False
109,2022-03-08 00:00:00,BEARISH,pullback_check_bearish,,,1.08698,1.09216,1.08511,1.08964,,,,,,,1.08059,,,1.14887,3.0,,0.16944932630345724,False
110,2022-03-08 04:00:00,BEARISH,pullback_check_bearish,,,1.08965,1.09212,1.08654,1.09054,,,,,,,1.08059,,,1.14887,4.0,,0.16886350322202726,False
111,2022-03-08 08:00:00,BEARISH,pullback_check_bearish,,,1.09054,1.09243,1.08719,1.08806,,,,,,,1.08059,,,1.14887,4.0,,0.17340363210310564,False
112,2022-03-08 12:00:00,BEARISH,pullback_check_bearish,,,1.08808,1.09582,1.08776,1.09064,,,,,,,1.08059,,,1.14887,5.0,,0.22305213825424797,False
113,2022-03-08 16:00:00,BEARISH,pullback_check_bearish,,,1.09066,1.09145,1.089,1.0914,,,,,,,1.08059,,,1.14887,6.0,,0.15905096660808543,False
114,2022-03-08 20:00:00,BEARISH,pullback_check_bearish,,,1.09142,1.09201,1.0905,1.09168,,,,,,,1.08059,,,1.14887,7.0,,0.1672524897480956,False
115,2022-03-09 00:00:00,BEARISH,pullback_check_bearish,,,1.09168,1.0956,1.09091,1.09494,,,,,,,1.08059,,,1.14887,8.0,,0.2198301113063846,False
116,2022-03-09 04:00:00,BEARISH,pullback_check_bearish,,,1.09497,1.09926,1.09398,1.09854,,,,,,,1.08059,,,1.14887,9.0,,0.27343292325717533,False
117,2022-03-09 08:00:00,BEARISH,pullback_check_bearish,,,1.09853,1.10916,1.09833,1.10703,,,,,,,1.08059,,,1.14887,10.0,,0.41842413591095395,False
117,2022-03-09 08:00:00,BEARISH,pullback_confirmed,confirmed_by_candle_count (10),10.0,1.09853,1.10916,1.09833,1.10703,1.14887,1.08059,,,,,,,,,,,,
1,2022-03-01 00:00:00,BEARISH,poi_detected,"displacement candle confirmed, base candle not broken",,,,,,,,OB,1.12329,1.11938,,,,,,,,,
276,2022-04-14 08:00:00,BEARISH,bos_4h,price closed below previous swing low → BOS triggered without prior POI,,1.08151,1.08153,1.07844,1.07851,,1.08059,,,,,,,,,,,,
0,2022-04-14 09:40:00,BEARISH,start,,,,,,,,,,,,,,,,,,,,
66,2022-04-14 12:00:00,BEARISH,pullback_check_bearish,,,1.07971,1.08347,1.07946,1.08243,,,,,,,1.07946,,,1.11848,0.0,,0.10276781137877664,False
67,2022-04-14 16:00:00,BEARISH,pullback_check_bearish,,,1.08244,1.08342,1.08137,1.08209,,,,,,,1.07946,,,1.11848,0.0,,0.10148641722193696,False
68,2022-04-14 20:00:00,BEARISH,pullback_check_bearish,,,1.08211,1.08216,1.07964,1.08043,,,,,,,1.07946,,,1.11848,0.0,,0.06919528446950118,False
69,2022-04-15 00:00:00,BEARISH,pullback_check_bearish,,,1.0804,1.08121,1.08018,1.08114,,,,,,,1.07946,,,1.11848,1.0,,0.04484879548949067,False
70,2022-04-15 04:00:00,BEARISH,pullback_check_bearish,,,1.08114,1.08236,1.08044,1.0815,,,,,,,1.07946,,,1.11848,2.0,,0.07432086109687122,False
71,2022-04-15 08:00:00,BEARISH,pullback_check_bearish,,,1.0815,1.08197,1.08051,1.08081,,,,,,,1.07946,,,1.11848,2.0,,0.06432598667350135,False
72,2022-04-15 12:00:00,BEARISH,pullback_check_bearish,,,1.08079,1.08112,1.08047,1.0808,,,,,,,1.07946,,,1.11848,3.0,,0.042542286007175856,False
73,2022-04-15 16:00:00,BEARISH,pullback_check_bearish,,,1.08081,1.08138,1.08055,1.08057,,,,,,,1.07946,,,1.11848,3.0,,0.049205535622755765,False
74,2022-04-17 16:00:00,BEARISH,pullback_check_bearish,,,1.08029,1.08216,1.08009,1.08139,,,,,,,1.07946,,,1.11848,4.0,,0.06919528446950118,False
75,2022-04-17 20:00:00,BEARISH,pullback_check_bearish,,,1.08138,1.08156,1.07907,1.07928,,,,,,,1.07907,,,1.11848,0.0,,0.06318193351941402,False
76,2022-04-18 00:00:00,BEARISH,pullback_check_bearish,,,1.0793,1.08036,1.0787,1.07912,,,,,,,1.0787,,,1.11848,0.0,,0.04172951231774756,False
77,2022-04-18 04:00:00,BEARISH,pullback_check_bearish,,,1.07911,1.08135,1.07831,1.08091,,,,,,,1.07831,,,1.11848,0.0,,0.0756783669405015,False
78,2022-04-18 08:00:00,BEARISH,pullback_check_bearish,,,1.08092,1.08145,1.0783,1.07837,,,,,,,1.0783,,,1.11848,0.0,,0.07839721254355389,False
79,2022-04-18 12:00:00,BEARISH,pullback_check_bearish,,,1.07834,1.07866,1.07698,1.07829,,,,,,,1.07698,,,1.11848,0.0,,0.04048192771084118,False
80,2022-04-18 16:00:00,BEARISH,pullback_check_bearish,,,1.0783,1.07879,1.07751,1.07799,,,,,,,1.07698,,,1.11848,0.0,,0.04361445783132224,False
81,2022-04-18 20:00:00,BEARISH,pullback_check_bearish,,,1.07799,1.07874,1.0761,1.07724,,,,,,,1.0761,,,1.11848,0.0,,0.06229353468617235,False
82,2022-04-19 00:00:00,BEARISH,pullback_check_bearish,,,1.07724,1.08027,1.07665,1.08018,,,,,,,1.0761,,,1.11848,1.0,,0.09839546956111422,False
83,2022-04-19 04:00:00,BEARISH,pullback_check_bearish,,,1.08021,1.08145,1.07846,1.07957,,,,,,,1.0761,,,1.11848,1.0,,0.12623879188296327,False
84,2022-04-19 08:00:00,BEARISH,pullback_check_bearish,,,1.07958,1.08082,1.07818,1.07893,,,,,,,1.0761,,,1.11848,1.0,,0.11137328928739619,False
85,2022-04-19 12:00:00,BEARISH,pullback_check_bearish,,,1.07893,1.08032,1.07822,1.07887,,,,,,,1.0761,,,1.11848,1.0,,0.0995752713544102,False
86,2022-04-19 16:00:00,BEARISH,pullback_check_bearish,,,1.07886,1.07952,1.07848,1.07941,,,,,,,1.0761,,,1.11848,2.0,,0.0806984426616326,False
87,2022-04-19 20:00:00,BEARISH,pullback_check_bearish,,,1.07942,1.08226,1.07838,1.08186,,,,,,,1.0761,,,1.11848,3.0,,0.14535158093440215,False
88,2022-04-20 00:00:00,BEARISH,pullback_check_bearish,,,1.08187,1.08221,1.0807,1.08091,,,,,,,1.0761,,,1.11848,3.0,,0.14417177914110094,False
89,2022-04-20 04:00:00,BEARISH,pullback_check_bearish,,,1.08091,1.0867,1.08057,1.08265,,,,,,,1.0761,,,1.11848,4.0,,0.25011798017932935,False
90,2022-04-20 08:00:00,BEARISH,pullback_check_bearish,,,1.08265,1.08661,1.08205,1.08546,,,,,,,1.0761,,,1.11848,5.0,,0.24799433695139342,False
91,2022-04-20 12:00:00,BEARISH,pullback_check_bearish,,,1.08545,1.08598,1.08397,1.08535,,,,,,,1.0761,,,1.11848,5.0,,0.23312883435582635,False
92,2022-04-20 16:00:00,BEARISH,pullback_check_bearish,,,1.08535,1.08548,1.08395,1.08493,,,,,,,1.0761,,,1.11848,5.0,,0.22133081642284036,False
93,2022-04-20 20:00:00,BEARISH,pullback_check_bearish,,,1.08491,1.08505,1.08234,1.08304,,,,,,,1.0761,,,1.11848,5.0,,0.2111845210004729,False
94,2022-04-21 00:00:00,BEARISH,pullback_check_bearish,,,1.08305,1.09362,1.08289,1.0927,,,,,,,1.0761,,,1.11848,6.0,,0.4134025483718744,False
95,2022-04-21 04:00:00,BEARISH,pullback_check_bearish,,,1.0927,1.09298,1.08744,1.08797,,,,,,,1.0761,,,1.11848,6.0,,0.3983010854176513,False
96,2022-04-21 08:00:00,BEARISH,pullback_check_bearish,,,1.08801,1.0896,1.08367,1.08419,,,,,,,1.0761,,,1.11848,6.0,,0.31854648419065335,False
97,2022-04-21 12:00:00,BEARISH,pullback_check_bearish,,,1.08419,1.08582,1.08305,1.08383,,,,,,,1.0761,,,1.11848,6.0,,0.22935346861727188,False
98,2022-04-21 16:00:00,BEARISH,pullback_check_bearish,,,1.08385,1.08421,1.08305,1.08349,,,,,,,1.0761,,,1.11848,6.0,,0.19136385087305016,False
99,2022-04-21 20:00:00,BEARISH,pullback_check_bearish,,,1.08349,1.08465,1.08308,1.08413,,,,,,,1.0761,,,1.11848,7.0,,0.20174610665407888,False
100,2022-04-22 00:00:00,BEARISH,pullback_check_bearish,,,1.08413,1.08515,1.08028,1.08063,,,,,,,1.0761,,,1.11848,7.0,,0.21354412458707012,False
101,2022-04-22 04:00:00,BEARISH,pullback_check_bearish,,,1.0807,1.0825,1.07902,1.08212,,,,,,,1.0761,,,1.11848,8.0,,0.1510146295422365,False
102,2022-04-22 08:00:00,BEARISH,pullback_check_bearish,,,1.08214,1.08448,1.07707,1.07888,,,,,,,1.0761,,,1.11848,8.0,,0.19773478055686836,False
103,2022-04-22 12:00:00,BEARISH,pullback_check_bearish,,,1.0789,1.08002,1.07762,1.07932,,,,,,,1.0761,,,1.11848,9.0,,0.0924964605946186,False
104,2022-04-22 16:00:00,BEARISH,pullback_check_bearish,,,1.07929,1.08021,1.07908,1.07947,,,,,,,1.0761,,,1.11848,10.0,,0.09697970740915171,False
104,2022-04-22 16:00:00,BEARISH,pullback_confirmed,confirmed_by_candle_count (10),10.0,1.07929,1.08021,1.07908,1.07947,1.11848,1.0761,,,,,,,,,,,,
1,2022-04-21 16:00:00,BEARISH,poi_detected,"displacement candle confirmed, base candle not broken",,,,,,,,OB,1.08465,1.08305,,,,,,,,,
2,2022-04-04 16:00:00,BEARISH,poi_detected,"displacement candle confirmed, base candle not broken",,,,,,,,OB,1.09797,1.09653,,,,,,,,,
3,2022-04-03 16:00:00,BEARISH,poi_detected,"displacement candle confirmed, base candle not broken",,,,,,,,OB,1.10544,1.10301,,,,,,,,,
107,2022-04-25 00:00:00,BEARISH,bos_4h,price closed below previous swing low → BOS triggered without prior POI,,1.07676,1.07692,1.07323,1.07366,,1.0761,,,,,,,,,,,,
0,2022-04-25 02:10:00,BEARISH,start,,,,,,,,,,,,,,,,,,,,
14,2022-04-25 04:00:00,BEARISH,pullback_check_bearish,,,1.07382,1.07542,1.07197,1.07495,,,,,,,1.07197,,,1.09362,0.0,,0.15935334872979037,False
15,2022-04-25 08:00:00,BEARISH,pullback_check_bearish,,,1.07494,1.07581,1.06967,1.07029,,,,,,,1.06967,,,1.09362,0.0,,0.2563674321503131,False
16,2022-04-25 12:00:00,BEARISH,pullback_check_bearish,,,1.07028,1.07189,1.06966,1.07136,,,,,,,1.06966,,,1.09362,0.0,,0.09307178631051569,False
17,2022-04-25 16:00:00,BEARISH,pullback_check_bearish,,,1.07135,1.07149,1.07069,1.07124,,,,,,,1.06966,,,1.09362,0.0,,0.07637729549248747,False
18,2022-04-25 20:00:00,BEARISH,pullback_check_bearish,,,1.07124,1.07386,1.07114,1.07321,,,,,,,1.06966,,,1.09362,1.0,,0.17529215358931488,False
19,2022-04-26 00:00:00,BEARISH,pullback_check_bearish,,,1.07322,1.07343,1.06754,1.0676,,,,,,,1.06754,,,1.09362,0.0,,0.22584355828221434,False
20,2022-04-26 04:00:00,BEARISH,pullback_check_bearish,,,1.06759,1.06971,1.06692,1.06706,,,,,,,1.06692,,,1.09362,0.0,,0.10449438202246643,False
21,2022-04-26 08:00:00,BEARISH,pullback_check_bearish,,,1.06705,1.06853,1.06417,1.06591,,,,,,,1.06417,,,1.09362,0.0,,0.14804753820033695,False
22,2022-04-26 12:00:00,BEARISH,pullback_check_bearish,,,1.0659,1.06649,1.06383,1.06438,,,,,,,1.06383,,,1.09362,0.0,,0.08929170862705224,False
23,2022-04-26 16:00:00,BEARISH,pullback_check_bearish,,,1.06437,1.06478,1.06348,1.06424,,,,,,,1.06348,,,1.09362,0.0,,0.043132050431323045,False
24,2022-04-26 20:00:00,BEARISH,pullback_check_bearish,,,1.06425,1.06534,1.06336,1.06406,,,,,,,1.06336,,,1.09362,0.0,,0.06543291473892511,False
25,2022-04-27 00:00:00,BEARISH,pullback_check_bearish,,,1.06405,1.06546,1.0588,1.06237,,,,,,,1.0588,,,1.09362,0.0,,0.19126938541068628,False
26,2022-04-27 04:00:00,BEARISH,pullback_check_bearish,,,1.06238,1.06248,1.05806,1.05844,,,,,,,1.05806,,,1.09362,0.0,,0.12429696287964247,False
27,2022-04-27 08:00:00,BEARISH,pullback_check_bearish,,,1.05845,1.05857,1.05145,1.05453,,,,,,,1.05145,,,1.09362,0.0,,0.16884040787289561,False
28,2022-04-27 12:00:00,BEARISH,pullback_check_bearish,,,1.05454,1.05722,1.05453,1.05582,,,,,,,1.05145,,,1.09362,1.0,,0.13682712829025487,False
29,2022-04-27 16:00:00,BEARISH,pullback_check_bearish,,,1.05583,1.05627,1.05494,1.05541,,,,,,,1.05145,,,1.09362,1.0,,0.11429926488024761,False
30,2022-04-27 20:00:00,BEARISH,pullback_check_bearish,,,1.05541,1.05541,1.05089,1.05089,,,,,,,1.05089,,,1.09362,0.0,,0.10578048209688426,False
31,2022-04-28 00:00:00,BEARISH,pullback_check_bearish,,,1.0509,1.05647,1.04808,1.05546,,,,,,,1.04808,,,1.09362,0.0,,0.18423364075538196,False
32,2022-04-28 04:00:00,BEARISH,pullback_check_bearish,,,1.05545,1.05558,1.04863,1.04902,,,,,,,1.04808,,,1.09362,0.0,,0.1646903820816873,False
33,2022-04-28 08:00:00,BEARISH,pullback_check_bearish,,,1.04905,1.05312,1.0471,1.05,,,,,,,1.0471,,,1.09362,0.0,,0.1294067067927799,False
34,2022-04-28 12:00:00,BEARISH,pullback_check_bearish,,,1.04998,1.05157,1.04934,1.05098,,,,,,,1.0471,,,1.09362,1.0,,0.09608770421324081,False
35,2022-04-28 16:00:00,BEARISH,pullback_check_bearish,,,1.05097,1.05097,1.04911,1.05029,,,,,,,1.0471,,,1.09362,1.0,,0.08319002579535749,False
36,2022-04-28 20:00:00,BEARISH,pullback_check_bearish,,,1.05032,1.05297,1.05019,1.05131,,,,,,,1.0471,,,1.09362,2.0,,0.12618228718830668,False
37,2022-04-29 00:00:00,BEARISH,pullback_check_bearish,,,1.05131,1.05785,1.05087,1.05617,,,,,,,1.0471,,,1.09362,3.0,,0.23108340498710253,False
38,2022-04-29 04:00:00,BEARISH,pullback_check_bearish,,,1.05617,1.05928,1.05397,1.05445,,,,,,,1.0471,,,1.09362,3.0,,0.2618228718830621,False
39,2022-04-29 08:00:00,BEARISH,pullback_check_bearish,,,1.05444,1.05593,1.05096,1.05402,,,,,,,1.0471,,,1.09362,3.0,,0.18981083404987303,False
40,2022-04-29 12:00:00,BEARISH,pullback_check_bearish,,,1.05401,1.05786,1.05324,1.05485,,,,,,,1.0471,,,1.09362,4.0,,0.2312983662940687,False
41,2022-04-29 16:00:00,BEARISH,pullback_check_bearish,,,1.05485,1.0552,1.05408,1.05409,,,,,,,1.0471,,,1.09362,4.0,,0.17411865864144402,False
42,2022-05-01 16:00:00,BEARISH,pullback_check_bearish,,,1.05444,1.05597,1.05343,1.05349,,,,,,,1.0471,,,1.09362,4.0,,0.19067067927773287,False
43,2022-05-01 20:00:00,BEARISH,pullback_check_bearish,,,1.05347,1.0553,1.05173,1.05239,,,,,,,1.0471,,,1.09362,4.0,,0.17626827171109125,False
44,2022-05-02 00:00:00,BEARISH,pullback_check_bearish,,,1.05239,1.05682,1.051,1.05321,,,,,,,1.0471,,,1.09362,5.0,,0.20894239036973664,False
45,2022-05-02 04:00:00,BEARISH,pullback_check_bearish,,,1.05324,1.0536,1.05137,1.05163,,,,,,,1.0471,,,1.09362,5.0,,0.13972484952708847,False
46,2022-05-02 08:00:00,BEARISH,pullback_check_bearish,,,1.05162,1.05415,1.05027,1.05215,,,,,,,1.0471,,,1.09362,6.0,,0.1515477214101458,False
47,2022-05-02 12:00:00,BEARISH,pullback_check_bearish,,,1.05213,1.05262,1.04901,1.05039,,,,,,,1.0471,,,1.09362,6.0,,0.11865864144453903,False
48,2022-05-02 16:00:00,BEARISH,pullback_check_bearish,,,1.05039,1.05134,1.05013,1.05096,,,,,,,1.0471,,,1.09362,7.0,,0.09114359415305269,False
49,2022-05-02 20:00:00,BEARISH,pullback_check_bearish,,,1.05095,1.05265,1.05077,1.05184,,,,,,,1.0471,,,1.09362,8.0,,0.1193035253654375,False
50,2022-05-03 00:00:00,BEARISH,pullback_check_bearish,,,1.05184,1.05277,1.04941,1.05187,,,,,,,1.0471,,,1.09362,9.0,,0.12188306104901224,False
51,2022-05-03 04:00:00,BEARISH,pullback_check_bearish,,,1.05185,1.0542,1.04921,1.05377,,,,,,,1.0471,,,1.09362,10.0,,0.1526225279449718,False
51,2022-05-03 04:00:00,BEARISH,pullback_confirmed,confirmed_by_candle_count (10),10.0,1.05185,1.0542,1.04921,1.05377,1.09362,1.0471,,,,,,,,,,,,
1,2022-04-25 20:00:00,BEARISH,poi_detected,"displacement candle confirmed, base candle not broken",,,,,,,,OB,1.07386,1.07114,,,,,,,,,
2,2022-04-22 12:00:00,BEARISH,poi_detected,"displacement candle confirmed, base candle not broken",,,,,,,,OB,1.08153,1.07762,,,,,,,,,
93,2022-05-12 00:00:00,BEARISH,bos_4h,price closed below previous swing low → BOS triggered without prior POI,,1.04915,1.04944,1.04553,1.04626,,1.0471,,,,,,,,,,,,
0,2022-05-12 03:10:00,BEARISH,start,,,,,,,,,,,,,,,,,,,,
33,2022-05-12 04:00:00,BEARISH,pullback_check_bearish,,,1.04595,1.04651,1.03888,1.03993,,,,,,,1.03888,,,1.06417,0.0,,0.3017002767892454,False
34,2022-05-12 08:00:00,BEARISH,pullback_check_bearish,,,1.03992,1.04381,1.03715,1.03748,,,,,,,1.03715,,,1.06417,0.0,,0.24648408586231968,False
35,2022-05-12 12:00:00,BEARISH,pullback_check_bearish,,,1.03751,1.03906,1.03539,1.03731,,,,,,,1.03539,,,1.06417,0.0,,0.12751911049340023,False
36,2022-05-12 16:00:00,BEARISH,pullback_check_bearish,,,1.03731,1.0384,1.03725,1.03784,,,,,,,1.03539,,,1.06417,1.0,,0.10458651841556478,False
37,2022-05-12 20:00:00,BEARISH,pullback_check_bearish,,,1.03783,1.03978,1.03729,1.03911,,,,,,,1.03539,,,1.06417,2.0,,0.1525364836692109,False
38,2022-05-13 00:00:00,BEARISH,pullback_check_bearish,,,1.03909,1.04195,1.03834,1.04156,,,,,,,1.03539,,,1.06417,3.0,,0.2279360667129914,False
39,2022-05-13 04:00:00,BEARISH,pullback_check_bearish,,,1.04155,1.04193,1.03706,1.03825,,,,,,,1.03539,,,1.06417,3.0,,0.22724113968033302,False
40,2022-05-13 08:00:00,BEARISH,pullback_check_bearish,,,1.03826,1.04159,1.03496,1.04115,,,,,,,1.03496,,,1.06417,0.0,,0.22697706264977485,False
41,2022-05-13 12:00:00,BEARISH,pullback_check_bearish,,,1.04113,1.04159,1.03936,1.04016,,,,,,,1.03496,,,1.06417,0.0,,0.22697706264977485,False
42,2022-05-13 16:00:00,BEARISH,pullback_check_bearish,,,1.0402,1.04119,1.03996,1.04116,,,,,,,1.03496,,,1.06417,1.0,,0.21328312221841722,False
43,2022-05-15 16:00:00,BEARISH,pullback_check_bearish,,,1.03952,1.04138,1.03906,1.0398,,,,,,,1.03496,,,1.06417,2.0,,0.2197877439233098,False
44,2022-05-15 20:00:00,BEARISH,pullback_check_bearish,,,1.03984,1.0417,1.03889,1.03965,,,,,,,1.03496,,,1.06417,2.0,,0.23074289626840047,False
45,2022-05-16 00:00:00,BEARISH,pullback_check_bearish,,,1.03964,1.04259,1.03933,1.04085,,,,,,,1.03496,,,1.06417,3.0,,0.26121191372816893,False
46,2022-05-16 04:00:00,BEARISH,pullback_check_bearish,,,1.04087,1.04381,1.04064,1.04185,,,,,,,1.03496,,,1.06417,4.0,,0.3029784320438143,False
47,2022-05-16 08:00:00,BEARISH,pullback_check_bearish,,,1.04184,1.04343,1.03893,1.04195,,,,,,,1.03496,,,1.06417,5.0,,0.2899691886340291,False
48,2022-05-16 12:00:00,BEARISH,pullback_check_bearish,,,1.04194,1.0443,1.04157,1.04321,,,,,,,1.03496,,,1.06417,6.0,,0.3197535090722327,False
49,2022-05-16 16:00:00,BEARISH,pullback_check_bearish,,,1.04322,1.04395,1.04284,1.0439,,,,,,,1.03496,,,1.06417,7.0,,0.30777131119479095,False
50,2022-05-16 20:00:00,BEARISH,pullback_check_bearish,,,1.0439,1.0454,1.04318,1.04401,,,,,,,1.03496,,,1.06417,8.0,,0.3574118452584738,False
51,2022-05-17 00:00:00,BEARISH,pullback_check_bearish,,,1.044,1.04746,1.04358,1.04636,,,,,,,1.03496,,,1.06417,9.0,,0.4279356384799717,False
52,2022-05-17 04:00:00,BEARISH,pullback_check_bearish,,,1.04636,1.05556,1.04562,1.05392,,,,,,,1.03496,,,1.06417,10.0,,0.7052379322149942,False
52,2022-05-17 04:00:00,BEARISH,pullback_confirmed,confirmed_by_candle_count (10),10.0,1.04636,1.05556,1.04562,1.05392,1.06417,1.03496,,,,,,,,,,,,
1,2022-05-06 08:00:00,BEARISH,poi_detected,"pullback candles met, not tapped yet",,,,,,,,LIQ,1.06417,,,,,,,,,,
2,2022-05-09 04:00:00,BEARISH,poi_detected,"pullback candles met, not tapped yet",,,,,,,,LIQ,1.06417,,,,,,,,,,
3,2022-05-09 08:00:00,BEARISH,poi_detected,"pullback candles met, not tapped yet",,,,,,,,LIQ,1.06417,,,,,,,,,,
77,2022-05-23 04:00:00,BEARISH,choch_4h,price closed above previous swing high → structure invalidated,,1.06347,1.06488,1.06346,1.06459,1.06417,,,,,,,,,,,,,
0,2022-05-23 04:55:00,BULLISH,start,,,,,,,,,,,,,,,,,,,,
38,2022-05-23 08:00:00,BULLISH,pullback_check_bullish,,,1.06566,1.06911,1.06443,1.06694,,,,,,,,1.06911,1.03496,,,0.0,0.1370424597364577,False
39,2022-05-23 12:00:00,BULLISH,pullback_check_bullish,,,1.06693,1.06973,1.06655,1.06866,,,,,,,,1.06973,1.03496,,,0.0,0.09145815358067194,False
40,2022-05-23 16:00:00,BULLISH,pullback_check_bullish,,,1.06867,1.06937,1.06795,1.06837,,,,,,,,1.06973,1.03496,,,1.0,0.05119355766465679,False
41,2022-05-23 20:00:00,BULLISH,pullback_check_bullish,,,1.06836,1.06859,1.06608,1.06725,,,,,,,,1.06973,1.03496,,,2.0,0.10497555363819834,False
42,2022-05-24 00:00:00,BULLISH,pullback_check_bullish,,,1.06727,1.07359,1.06622,1.07309,,,,,,,,1.07359,1.03496,,,0.0,0.19078436448356484,False
43,2022-05-24 04:00:00,BULLISH,pullback_check_bullish,,,1.07307,1.07336,1.07008,1.07145,,,,,,,,1.07359,1.03496,,,1.0,0.09086202433342297,False
44,2022-05-24 08:00:00,BULLISH,pullback_check_bullish,,,1.07147,1.0747,1.06955,1.0743,,,,,,,,1.0747,1.03496,,,0.0,0.12959235027679927,False
45,2022-05-24 12:00:00,BULLISH,pullback_check_bullish,,,1.07429,1.07485,1.0722,1.073,,,,,,,,1.07485,1.03496,,,0.0,0.06643268989721841,False
46,2022-05-24 16:00:00,BULLISH,pullback_check_bullish,,,1.07304,1.07388,1.07302,1.07326,,,,,,,,1.07485,1.03496,,,0.0,0.04587615943845573,False
47,2022-05-24 20:00:00,BULLISH,pullback_check_bullish,,,1.07326,1.07365,1.0703,1.07136,,,,,,,,1.07485,1.03496,,,1.0,0.1140636751065444,False
48,2022-05-25 00:00:00,BULLISH,pullback_check_bullish,,,1.07135,1.0714,1.06818,1.0684,,,,,,,,1.07485,1.03496,,,2.0,0.16720982702432136,False
49,2022-05-25 04:00:00,BULLISH,pullback_check_bullish,,,1.06839,1.0686,1.0654,1.06597,,,,,,,,1.07485,1.03496,,,3.0,0.23690147906744008,False
50,2022-05-25 08:00:00,BULLISH,pullback_check_bullish,,,1.06598,1.06871,1.06421,1.06568,,,,,,,,1.07485,1.03496,,,4.0,0.2667335171722233,False
51,2022-05-25 12:00:00,BULLISH,pullback_check_bullish,,,1.06571,1.06944,1.06518,1.06769,,,,,,,,1.07485,1.03496,,,4.0,0.24241664577588548,False
52,2022-05-25 16:00:00,BULLISH,pullback_check_bullish,,,1.0677,1.06958,1.06734,1.06869,,,,,,,,1.07485,1.03496,,,4.0,0.18826773627475887,False
53,2022-05-25 20:00:00,BULLISH,pullback_check_bullish,,,1.06866,1.07063,1.06852,1.07013,,,,,,,,1.07485,1.03496,,,4.0,0.15868638756581027,False
54,2022-05-26 00:00:00,BULLISH,pullback_check_bullish,,,1.07014,1.07025,1.06624,1.06888,,,,,,,,1.07485,1.03496,,,5.0,0.215843569816997,False
55,2022-05-26 04:00:00,BULLISH,pullback_check_bullish,,,1.06887,1.07229,1.06775,1.07055,,,,,,,,1.07485,1.03496,,,5.0,0.17798947104537752,False
56,2022-05-26 08:00:00,BULLISH,pullback_check_bullish,,,1.07053,1.07292,1.0689,1.07254,,,,,,,,1.07485,1.03496,,,5.0,0.14916019052394397,False
57,2022-05-26 12:00:00,BULLISH,pullback_check_bullish,,,1.07258,1.07293,1.07019,1.07237,,,,,,,,1.07485,1.03496,,,6.0,0.11682125846076989,False
58,2022-05-26 16:00:00,BULLISH,pullback_check_bullish,,,1.07238,1.07344,1.07209,1.07324,,,,,,,,1.07485,1.03496,,,6.0,0.06919027325144389,False
59,2022-05-26 20:00:00,BULLISH,pullback_check_bullish,,,1.07324,1.0765,1.07305,1.07556,,,,,,,,1.0765,1.03496,,,0.0,0.08305247953779395,False
60,2022-05-27 00:00:00,BULLISH,pullback_check_bullish,,,1.07555,1.07582,1.07332,1.07357,,,,,,,,1.0765,1.03496,,,1.0,0.07655272026961886,False
61,2022-05-27 04:00:00,BULLISH,pullback_check_bullish,,,1.07355,1.07433,1.06968,1.0707,,,,,,,,1.0765,1.03496,,,2.0,0.16417910447761347,False
62,2022-05-27 08:00:00,BULLISH,pullback_check_bullish,,,1.07074,1.07503,1.07011,1.07074,,,,,,,,1.0765,1.03496,,,2.0,0.15382763601348415,False
63,2022-05-27 12:00:00,BULLISH,pullback_check_bullish,,,1.07076,1.0734,1.07038,1.07335,,,,,,,,1.0765,1.03496,,,2.0,0.14732787674530373,False
64,2022-05-27 16:00:00,BULLISH,pullback_check_bullish,,,1.07333,1.07351,1.07276,1.07317,,,,,,,,1.0765,1.03496,,,3.0,0.09003370245546666,False
65,2022-05-29 16:00:00,BULLISH,pullback_check_bullish,,,1.07347,1.0736,1.07261,1.0729,,,,,,,,1.0765,1.03496,,,4.0,0.09364467982667206,False
66,2022-05-29 20:00:00,BULLISH,pullback_check_bullish,,,1.07291,1.07558,1.07267,1.07445,,,,,,,,1.0765,1.03496,,,4.0,0.0922002888781899,False
67,2022-05-30 00:00:00,BULLISH,pullback_check_bullish,,,1.07444,1.07699,1.07404,1.07426,,,,,,,,1.07699,1.03496,,,0.0,0.07018796098024746,False
68,2022-05-30 04:00:00,BULLISH,pullback_check_bullish,,,1.07427,1.07804,1.07401,1.07666,,,,,,,,1.07804,1.03496,,,0.0,0.09354688950789693,False
69,2022-05-30 08:00:00,BULLISH,pullback_check_bullish,,,1.07667,1.07837,1.07483,1.07796,,,,,,,,1.07837,1.03496,,,0.0,0.08154803040774251,False
70,2022-05-30 12:00:00,BULLISH,pullback_check_bullish,,,1.07796,1.07867,1.07771,1.0779,,,,,,,,1.07867,1.03496,,,0.0,0.02196293754289805,False
71,2022-05-30 16:00:00,BULLISH,pullback_check_bullish,,,1.0779,1.07825,1.07702,1.07729,,,,,,,,1.07867,1.03496,,,1.0,0.03774879890185158,False
72,2022-05-30 20:00:00,BULLISH,pullback_check_bullish,,,1.07731,1.07744,1.07342,1.07511,,,,,,,,1.07867,1.03496,,,2.0,0.12010981468771419,False
73,2022-05-31 00:00:00,BULLISH,pullback_check_bullish,,,1.07511,1.07551,1.07275,1.07366,,,,,,,,1.07867,1.03496,,,3.0,0.13543811484785945,False
74,2022-05-31 04:00:00,BULLISH,pullback_check_bullish,,,1.07365,1.07459,1.06887,1.07132,,,,,,,,1.07867,1.03496,,,4.0,0.22420498741706818,False
75,2022-05-31 08:00:00,BULLISH,pullback_check_bullish,,,1.07131,1.07371,1.06789,1.07312,,,,,,,,1.07867,1.03496,,,4.0,0.24662548615877447,False
76,2022-05-31 12:00:00,BULLISH,pullback_check_bullish,,,1.07314,1.07466,1.07234,1.07352,,,,,,,,1.07867,1.03496,,,4.0,0.14481811942347195,False
77,2022-05-31 16:00:00,BULLISH,pullback_check_bullish,,,1.07351,1.07375,1.07296,1.0734,,,,,,,,1.07867,1.03496,,,5.0,0.13063372226035494,False
78,2022-05-31 20:00:00,BULLISH,pullback_check_bullish,,,1.0734,1.07345,1.07077,1.07181,,,,,,,,1.07867,1.03496,,,6.0,0.1807366735300854,False
79,2022-06-01 00:00:00,BULLISH,pullback_check_bullish,,,1.07182,1.07372,1.07051,1.0715,,,,,,,,1.07867,1.03496,,,7.0,0.18668496911461818,False
80,2022-06-01 04:00:00,BULLISH,pullback_check_bullish,,,1.07145,1.07393,1.07019,1.07083,,,,,,,,1.07867,1.03496,,,8.0,0.1940059482955859,False
81,2022-06-01 08:00:00,BULLISH,pullback_check_bullish,,,1.07082,1.07305,1.06271,1.06446,,,,,,,,1.07867,1.03496,,,9.0,0.36513383665065213,False
82,2022-06-01 12:00:00,BULLISH,pullback_check_bullish,,,1.06447,1.06604,1.06369,1.06502,,,,,,,,1.07867,1.03496,,,9.0,0.3427133379089458,False
83,2022-06-01 16:00:00,BULLISH,pullback_check_bullish,,,1.065,1.06546,1.06444,1.06509,,,,,,,,1.07867,1.03496,,,9.0,0.3255547929535574,False
84,2022-06-01 20:00:00,BULLISH,pullback_check_bullish,,,1.06509,1.06595,1.06447,1.06541,,,,,,,,1.07867,1.03496,,,9.0,0.3248684511553424,False
85,2022-06-02 00:00:00,BULLISH,pullback_check_bullish,,,1.06542,1.0692,1.06495,1.06856,,,,,,,,1.07867,1.03496,,,9.0,0.3138869823838934,False
86,2022-06-02 04:00:00,BULLISH,pullback_check_bullish,,,1.06857,1.06972,1.06806,1.06941,,,,,,,,1.07867,1.03496,,,9.0,0.2427362159688865,False
87,2022-06-02 08:00:00,BULLISH,pullback_check_bullish,,,1.06939,1.07383,1.06846,1.07322,,,,,,,,1.07867,1.03496,,,9.0,0.23358499199268068,False
88,2022-06-02 12:00:00,BULLISH,pullback_check_bullish,,,1.07321,1.07487,1.07305,1.07485,,,,,,,,1.07867,1.03496,,,9.0,0.12857469686570508,False
89,2022-06-02 16:00:00,BULLISH,pullback_check_bullish,,,1.07487,1.0751,1.07438,1.075,,,,,,,,1.07867,1.03496,,,9.0,0.09814687714482122,False
90,2022-06-02 20:00:00,BULLISH,pullback_check_bullish,,,1.075,1.07643,1.07466,1.0753,,,,,,,,1.07867,1.03496,,,9.0,0.0917410203614751,False
91,2022-06-03 00:00:00,BULLISH,pullback_check_bullish,,,1.07531,1.07606,1.07448,1.07561,,,,,,,,1.07867,1.03496,,,9.0,0.09585907115076468,False
92,2022-06-03 04:00:00,BULLISH,pullback_check_bullish,,,1.07562,1.07624,1.07258,1.07287,,,,,,,,1.07867,1.03496,,,10.0,0.13932738503774744,False
92,2022-06-03 04:00:00,BULLISH,pullback_confirmed,confirmed_by_candle_count (10),10.0,1.07562,1.07624,1.07258,1.07287,1.07867,1.03496,,,,,,,,,,,,
229,2022-07-05 04:00:00,BULLISH,choch_4h,price closed below previous swing low → structure invalidated,,1.0354,1.03601,1.03376,1.03421,,1.03496,,,,,,,,,,,,
0,2022-07-05 04:20:00,BEARISH,start,,,,,,,,,,,,,,,,,,,,
160,2022-07-05 08:00:00,BEARISH,pullback_check_bearish,,,1.02958,1.03011,1.02366,1.02537,,,,,,,1.02366,,,1.07867,0.0,,0.11725140883475853,False
161,2022-07-05 12:00:00,BEARISH,pullback_check_bearish,,,1.02538,1.0271,1.0235,1.0266,,,,,,,1.0235,,,1.07867,0.0,,0.06525285481239496,False
162,2022-07-05 16:00:00,BEARISH,pullback_check_bearish,,,1.02658,1.02715,1.02555,1.02565,,,,,,,1.0235,,,1.07867,0.0,,0.06615914446256906,False
163,2022-07-05 20:00:00,BEARISH,pullback_check_bearish,,,1.02564,1.02712,1.02537,1.02637,,,,,,,1.0235,,,1.07867,1.0,,0.0656153706724662,False
164,2022-07-06 00:00:00,BEARISH,pullback_check_bearish,,,1.02636,1.02765,1.02383,1.02587,,,,,,,1.0235,,,1.07867,1.0,,0.07522204096429003,False
165,2022-07-06 04:00:00,BEARISH,pullback_check_bearish,,,1.02587,1.02741,1.01801,1.01919,,,,,,,1.01801,,,1.07867,0.0,,0.15496208374546427,False
166,2022-07-06 08:00:00,BEARISH,pullback_check_bearish,,,1.01917,1.02012,1.01614,1.01702,,,,,,,1.01614,,,1.07867,0.0,,0.06364944826483086,False
167,2022-07-06 12:00:00,BEARISH,pullback_check_bearish,,,1.01702,1.01986,1.01651,1.01866,,,,,,,1.01614,,,1.07867,1.0,,0.05949144410682788,False
168,2022-07-06 16:00:00,BEARISH,pullback_check_bearish,,,1.01867,1.01884,1.01774,1.01843,,,,,,,1.01614,,,1.07867,1.0,,0.04317927394850353,False
169,2022-07-06 20:00:00,BEARISH,pullback_check_bearish,,,1.01841,1.02097,1.0176,1.02035,,,,,,,1.01614,,,1.07867,2.0,,0.07724292339676782,False
170,2022-07-07 00:00:00,BEARISH,pullback_check_bearish,,,1.02035,1.02209,1.01819,1.01921,,,,,,,1.01614,,,1.07867,2.0,,0.09515432592355513,False
171,2022-07-07 04:00:00,BEARISH,pullback_check_bearish,,,1.0192,1.02173,1.01744,1.01901,,,,,,,1.01614,,,1.07867,2.0,,0.08939708939708918,False
172,2022-07-07 08:00:00,BEARISH,pullback_check_bearish,,,1.01903,1.01964,1.01517,1.01582,,,,,,,1.01517,,,1.07867,0.0,,0.07039370078740453,False
173,2022-07-07 12:00:00,BEARISH,pullback_check_bearish,,,1.01583,1.01681,1.01439,1.01661,,,,,,,1.01439,,,1.07867,0.0,,0.03764779091474929,False
174,2022-07-07 16:00:00,BEARISH,pullback_check_bearish,,,1.01659,1.01685,1.01566,1.01683,,,,,,,1.01439,,,1.07867,1.0,,0.038270068450530874,False
175,2022-07-07 20:00:00,BEARISH,pullback_check_bearish,,,1.01682,1.01912,1.01534,1.01581,,,,,,,1.01439,,,1.07867,1.0,,0.0735843186061001,False
176,2022-07-08 00:00:00,BEARISH,pullback_check_bearish,,,1.01582,1.01699,1.0072,1.01083,,,,,,,1.0072,,,1.07867,0.0,,0.1369805512802571,False
177,2022-07-08 04:00:00,BEARISH,pullback_check_bearish,,,1.01082,1.01592,1.00864,1.01503,,,,,,,1.0072,,,1.07867,1.0,,0.12200923464390441,False
178,2022-07-08 08:00:00,BEARISH,pullback_check_bearish,,,1.01503,1.01907,1.01156,1.01781,,,,,,,1.0072,,,1.07867,2.0,,0.1660836714705448,False
179,2022-07-08 12:00:00,BEARISH,pullback_check_bearish,,,1.01782,1.01796,1.01584,1.01784,,,,,,,1.0072,,,1.07867,3.0,,0.15055267944591985,False
180,2022-07-08 16:00:00,BEARISH,pullback_check_bearish,,,1.01783,1.0186,1.01767,1.01822,,,,,,,1.0072,,,1.07867,4.0,,0.15950748565831632,False
181,2022-07-10 16:00:00,BEARISH,pullback_check_bearish,,,1.01697,1.01834,1.01648,1.01672,,,,,,,1.0072,,,1.07867,4.0,,0.15586959563453112,False
182,2022-07-10 20:00:00,BEARISH,pullback_check_bearish,,,1.01674,1.01675,1.01348,1.01494,,,,,,,1.0072,,,1.07867,4.0,,0.13362249895060804,False
183,2022-07-11 00:00:00,BEARISH,pullback_check_bearish,,,1.01493,1.01544,1.01056,1.01108,,,,,,,1.0072,,,1.07867,4.0,,0.1152931299846063,False
184,2022-07-11 04:00:00,BEARISH,pullback_check_bearish,,,1.0111,1.0132,1.00823,1.00899,,,,,,,1.0072,,,1.07867,4.0,,0.08395130824122025,False
185,2022-07-11 08:00:00,BEARISH,pullback_check_bearish,,,1.00897,1.01038,1.00521,1.00854,,,,,,,1.00521,,,1.07867,0.0,,0.07037843724476059,False
186,2022-07-11 12:00:00,BEARISH,pullback_check_bearish,,,1.00853,1.00875,1.00336,1.00452,,,,,,,1.00336,,,1.07867,0.0,,0.07157084052582667,False
187,2022-07-11 16:00:00,BEARISH,pullback_check_bearish,,,1.00451,1.00475,1.00346,1.00458,,,,,,,1.00336,,,1.07867,1.0,,0.01845704421723546,False
188,2022-07-11 20:00:00,BEARISH,pullback_check_bearish,,,1.00456,1.00552,1.00059,1.00258,,,,,,,1.00059,,,1.07867,0.0,,0.06314036885245752,False
189,2022-07-12 00:00:00,BEARISH,pullback_check_bearish,,,1.00257,1.00391,1.00028,1.00084,,,,,,,1.00028,,,1.07867,0.0,,0.046306926903942135,False
190,2022-07-12 04:00:00,BEARISH,pullback_check_bearish,,,1.00083,1.00693,0.99999,1.00397,,,,,,,0.99999,,,1.07867,0.0,,0.08820538891713345,False
191,2022-07-12 08:00:00,BEARISH,pullback_check_bearish,,,1.00398,1.00738,1.00327,1.00685,,,,,,,0.99999,,,1.07867,1.0,,0.09392475851550457,False
192,2022-07-12 12:00:00,BEARISH,pullback_check_bearish,,,1.00684,1.00725,1.0032,1.00322,,,,,,,0.99999,,,1.07867,1.0,,0.09227249618708612,False
193,2022-07-12 16:00:00,BEARISH,pullback_check_bearish,,,1.00323,1.00414,1.0025,1.003,,,,,,,0.99999,,,1.07867,1.0,,0.05274529740721897,False
194,2022-07-12 20:00:00,BEARISH,pullback_check_bearish,,,1.003,1.00469,1.00226,1.00363,,,,,,,0.99999,,,1.07867,2.0,,0.05973563802745347,False
195,2022-07-13 00:00:00,BEARISH,pullback_check_bearish,,,1.00363,1.00529,1.00062,1.0033,,,,,,,0.99999,,,1.07867,2.0,,0.06736146415861684,False
196,2022-07-13 04:00:00,BEARISH,pullback_check_bearish,,,1.00327,1.00695,1.00232,1.00675,,,,,,,0.99999,,,1.07867,3.0,,0.08845958312150443,False
197,2022-07-13 08:00:00,BEARISH,pullback_check_bearish,,,1.00676,1.01222,0.99979,1.00779,,,,,,,0.99979,,,1.07867,0.0,,0.15758113590263606,False
198,2022-07-13 12:00:00,BEARISH,pullback_check_bearish,,,1.00778,1.00973,1.00541,1.00591,,,,,,,0.99979,,,1.07867,0.0,,0.12601419878296213,False
199,2022-07-13 16:00:00,BEARISH,pullback_check_bearish,,,1.00593,1.00618,1.00304,1.00342,,,,,,,0.99979,,,1.07867,0.0,,0.08100912778904808,False
200,2022-07-13 20:00:00,BEARISH,pullback_check_bearish,,,1.00341,1.00434,1.00136,1.00328,,,,,,,0.99979,,,1.07867,0.0,,0.0576825557809337,False
201,2022-07-14 00:00:00,BEARISH,pullback_check_bearish,,,1.00329,1.00464,1.00052,1.00362,,,,,,,0.99979,,,1.07867,1.0,,0.061485801217038755,False
202,2022-07-14 04:00:00,BEARISH,pullback_check_bearish,,,1.00364,1.00503,1.00047,1.00093,,,,,,,0.99979,,,1.07867,1.0,,0.0664300202839773,False
203,2022-07-14 08:00:00,BEARISH,pullback_check_bearish,,,1.00092,1.00477,0.99521,1.00272,,,,,,,0.99521,,,1.07867,0.0,,0.11454589024682368,False
204,2022-07-14 12:00:00,BEARISH,pullback_check_bearish,,,1.00272,1.00376,0.99835,1.00153,,,,,,,0.99521,,,1.07867,0.0,,0.10244428468727473,False
205,2022-07-14 16:00:00,BEARISH,pullback_check_bearish,,,1.00155,1.00263,1.001,1.00263,,,,,,,0.99521,,,1.07867,1.0,,0.08890486460579766,False
206,2022-07-14 20:00:00,BEARISH,pullback_check_bearish,,,1.00263,1.00411,1.0011,1.00256,,,,,,,0.99521,,,1.07867,1.0,,0.10663791037622838,False
207,2022-07-15 00:00:00,BEARISH,pullback_check_bearish,,,1.00256,1.00356,1.00068,1.00285,,,,,,,0.99521,,,1.07867,2.0,,0.10004792715073053,False
208,2022-07-15 04:00:00,BEARISH,pullback_check_bearish,,,1.00282,1.00659,1.00169,1.0054,,,,,,,0.99521,,,1.07867,3.0,,0.13635274382938006,False
209,2022-07-15 08:00:00,BEARISH,pullback_check_bearish,,,1.00541,1.00979,1.00408,1.00899,,,,,,,0.99521,,,1.07867,4.0,,0.17469446441408976,False
210,2022-07-15 12:00:00,BEARISH,pullback_check_bearish,,,1.00898,1.00936,1.00718,1.00823,,,,,,,0.99521,,,1.07867,4.0,,0.16954229571052,False
211,2022-07-15 16:00:00,BEARISH,pullback_check_bearish,,,1.00823,1.00877,1.00794,1.00821,,,,,,,0.99521,,,1.07867,4.0,,0.16247304097771278,False
212,2022-07-17 16:00:00,BEARISH,pullback_check_bearish,,,1.00811,1.00978,1.00785,1.00972,,,,,,,0.99521,,,1.07867,5.0,,0.17457464653726174,False
213,2022-07-17 20:00:00,BEARISH,pullback_check_bearish,,,1.00972,1.01143,1.00866,1.01042,,,,,,,0.99521,,,1.07867,6.0,,0.1943445962137553,False
214,2022-07-18 00:00:00,BEARISH,pullback_check_bearish,,,1.01041,1.0149,1.00812,1.01458,,,,,,,0.99521,,,1.07867,7.0,,0.2359213994727999,False
215,2022-07-18 04:00:00,BEARISH,pullback_check_bearish,,,1.01457,1.01752,1.01196,1.01422,,,,,,,0.99521,,,1.07867,7.0,,0.26731368320153304,False
216,2022-07-18 08:00:00,BEARISH,pullback_check_bearish,,,1.01425,1.02011,1.01195,1.016,,,,,,,0.99521,,,1.07867,8.0,,0.2983465132997848,False
217,2022-07-18 12:00:00,BEARISH,pullback_check_bearish,,,1.01601,1.01773,1.01408,1.01431,,,,,,,0.99521,,,1.07867,8.0,,0.2698298586149052,False
218,2022-07-18 16:00:00,BEARISH,pullback_check_bearish,,,1.01431,1.01485,1.01385,1.01463,,,,,,,0.99521,,,1.07867,9.0,,0.23532231008866517,False
219,2022-07-18 20:00:00,BEARISH,pullback_check_bearish,,,1.01464,1.01483,1.01195,1.01267,,,,,,,0.99521,,,1.07867,9.0,,0.23508267433500915,False
220,2022-07-19 00:00:00,BEARISH,pullback_check_bearish,,,1.01267,1.02438,1.01241,1.02412,,,,,,,0.99521,,,1.07867,10.0,,0.3495087467050088,False
220,2022-07-19 00:00:00,BEARISH,pullback_confirmed,confirmed_by_candle_count (10),10.0,1.01267,1.02438,1.01241,1.02412,1.07867,0.99521,,,,,,,,,,,,
1,2022-07-05 16:00:00,BEARISH,poi_detected,"displacement candle confirmed, base candle not broken",,,,,,,,OB,1.02715,1.02537,,,,,,,,,
2,2022-07-04 08:00:00,BEARISH,poi_detected,"displacement candle confirmed, base candle not broken",,,,,,,,OB,1.04578,1.0417,,,,,,,,,
3,2022-06-28 16:00:00,BEARISH,poi_detected,"displacement candle confirmed, base candle not broken",,,,,,,,OB,1.05354,1.05152,,,,,,,,,
4,2022-06-27 16:00:00,BEARISH,poi_detected,"displacement candle confirmed, base candle not broken",,,,,,,,OB,1.05864,1.05703,,,,,,,,,
5,2022-06-09 16:00:00,BEARISH,poi_detected,"displacement candle confirmed, base candle not broken",,,,,,,,OB,1.06422,1.0611,,,,,,,,,
6,2022-06-08 12:00:00,BEARISH,poi_detected,"displacement candle confirmed, base candle not broken",,,,,,,,OB,1.07433,1.07018,,,,,,,,,
7,2022-05-31 12:00:00,BEARISH,poi_detected,"pullback candles met, not tapped yet",,,,,,,,LIQ,1.07867,,,,,,,,,,
8,2022-06-02 04:00:00,BEARISH,poi_detected,"pullback candles met, not tapped yet",,,,,,,,LIQ,1.07867,,,,,,,,,,
9,2022-06-02 08:00:00,BEARISH,poi_detected,"pullback candles met, not tapped yet",,,,,,,,LIQ,1.07867,,,,,,,,,,
10,2022-06-02 12:00:00,BEARISH,poi_detected,"pullback candles met, not tapped yet",,,,,,,,LIQ,1.07867,,,,,,,,,,
11,2022-06-02 16:00:00,BEARISH,poi_detected,"pullback candles met, not tapped yet",,,,,,,,LIQ,1.07867,,,,,,,,,,
12,2022-06-08 04:00:00,BEARISH,poi_detected,"pullback candles met, not tapped yet",,,,,,,,LIQ,1.07867,,,,,,,,,,
13,2022-06-08 08:00:00,BEARISH,poi_detected,"pullback candles met, not tapped yet",,,,,,,,LIQ,1.07867,,,,,,,,,,
371,2022-08-22 08:00:00,BEARISH,bos_4h,price closed below previous swing low → BOS triggered without prior POI,,0.99521,0.99521,0.99331,0.99344,,0.99521,,,,,,,,,,,,
0,2022-08-22 11:25:00,BEARISH,start,,,,,,,,,,,,,,,,,,,,
51,2022-08-22 12:00:00,BEARISH,pullback_check_bearish,,,0.99345,0.99493,0.9926,0.99426,,,,,,,0.9926,,,1.03685,0.0,,0.05265536723163712,False
52,2022-08-22 16:00:00,BEARISH,pullback_check_bearish,,,0.99428,0.99455,0.99329,0.9938,,,,,,,0.9926,,,1.03685,0.0,,0.04406779661016964,False
53,2022-08-22 20:00:00,BEARISH,pullback_check_bearish,,,0.99381,0.995,0.993,0.99418,,,,,,,0.9926,,,1.03685,1.0,,0.05423728813559225,False
54,2022-08-23 00:00:00,BEARISH,pullback_check_bearish,,,0.99417,0.99496,0.99002,0.99332,,,,,,,0.99002,,,1.03685,0.0,,0.10548793508434637,False
55,2022-08-23 04:00:00,BEARISH,pullback_check_bearish,,,0.99332,0.99427,0.99125,0.99245,,,,,,,0.99002,,,1.03685,0.0,,0.09075379030535922,False
56,2022-08-23 08:00:00,BEARISH,pullback_check_bearish,,,0.99245,1.00181,0.99138,0.99733,,,,,,,0.99002,,,1.03685,1.0,,0.2517616912235761,False
57,2022-08-23 12:00:00,BEARISH,pullback_check_bearish,,,0.99733,0.99802,0.99593,0.99687,,,,,,,0.99002,,,1.03685,1.0,,0.17083066410420672,False
58,2022-08-23 16:00:00,BEARISH,pullback_check_bearish,,,0.99686,0.99733,0.99632,0.99662,,,,,,,0.99002,,,1.03685,1.0,,0.15609651932521956,False
59,2022-08-23 20:00:00,BEARISH,pullback_check_bearish,,,0.99661,0.99718,0.99426,0.99474,,,,,,,0.99002,,,1.03685,1.0,,0.1528934443732637,False
60,2022-08-24 00:00:00,BEARISH,pullback_check_bearish,,,0.99473,0.99618,0.99347,0.99532,,,,,,,0.99002,,,1.03685,2.0,,0.13153961136023784,False
61,2022-08-24 04:00:00,BEARISH,pullback_check_bearish,,,0.99531,0.99582,0.99162,0.99266,,,,,,,0.99002,,,1.03685,2.0,,0.12385223147555034,False
62,2022-08-24 08:00:00,BEARISH,pullback_check_bearish,,,0.99266,0.99993,0.99099,0.99666,,,,,,,0.99002,,,1.03685,3.0,,0.21161648515908535,False
63,2022-08-24 12:00:00,BEARISH,pullback_check_bearish,,,0.99669,0.99756,0.99445,0.99715,,,,,,,0.99002,,,1.03685,4.0,,0.16100790091821449,False
64,2022-08-24 16:00:00,BEARISH,pullback_check_bearish,,,0.99714,0.99734,0.99626,0.99677,,,,,,,0.99002,,,1.03685,4.0,,0.15631005765534886,False
65,2022-08-24 20:00:00,BEARISH,pullback_check_bearish,,,0.99677,0.99926,0.99629,0.99863,,,,,,,0.99002,,,1.03685,5.0,,0.19730941704035915,False
66,2022-08-25 00:00:00,BEARISH,pullback_check_bearish,,,0.99862,1.00334,0.99849,0.99994,,,,,,,0.99002,,,1.03685,6.0,,0.2844330557335015,False
67,2022-08-25 04:00:00,BEARISH,pullback_check_bearish,,,0.99993,1.00119,0.99723,0.99763,,,,,,,0.99002,,,1.03685,6.0,,0.2385223147554987,False
68,2022-08-25 08:00:00,BEARISH,pullback_check_bearish,,,0.99764,1.00004,0.9955,0.99567,,,,,,,0.99002,,,1.03685,6.0,,0.21396540679051934,False
69,2022-08-25 12:00:00,BEARISH,pullback_check_bearish,,,0.99568,0.99789,0.9949,0.99767,,,,,,,0.99002,,,1.03685,7.0,,0.16805466581251413,False
70,2022-08-25 16:00:00,BEARISH,pullback_check_bearish,,,0.99766,0.99778,0.99674,0.99706,,,,,,,0.99002,,,1.03685,7.0,,0.16570574418108014,False
71,2022-08-25 20:00:00,BEARISH,pullback_check_bearish,,,0.99704,0.99745,0.99625,0.99703,,,,,,,0.99002,,,1.03685,7.0,,0.1586589792867805,False
72,2022-08-26 00:00:00,BEARISH,pullback_check_bearish,,,0.99703,0.99744,0.99463,0.99739,,,,,,,0.99002,,,1.03685,8.0,,0.1584454409566512,False
73,2022-08-26 04:00:00,BEARISH,pullback_check_bearish,,,0.99739,1.00234,0.99692,0.99972,,,,,,,0.99002,,,1.03685,9.0,,0.26307922272047807,False
74,2022-08-26 08:00:00,BEARISH,pullback_check_bearish,,,0.99972,1.00898,0.99839,0.99971,,,,,,,0.99002,,,1.03685,9.0,,0.40486867392696907,False
75,2022-08-26 12:00:00,BEARISH,pullback_check_bearish,,,0.99968,1.00028,0.99563,0.99652,,,,,,,0.99002,,,1.03685,9.0,,0.21909032671364592,False
76,2022-08-26 16:00:00,BEARISH,pullback_check_bearish,,,0.99652,0.99692,0.99618,0.99623,,,,,,,0.99002,,,1.03685,9.0,,0.14734144778987854,False
77,2022-08-28 16:00:00,BEARISH,pullback_check_bearish,,,0.99657,0.9967,0.99349,0.99359,,,,,,,0.99002,,,1.03685,9.0,,0.14264360452701288,False
78,2022-08-28 20:00:00,BEARISH,pullback_check_bearish,,,0.99362,0.99452,0.9918,0.99238,,,,,,,0.99002,,,1.03685,9.0,,0.09609224855861509,False
79,2022-08-29 00:00:00,BEARISH,pullback_check_bearish,,,0.99239,0.99503,0.99141,0.99431,,,,,,,0.99002,,,1.03685,10.0,,0.10698270339525849,False
79,2022-08-29 00:00:00,BEARISH,pullback_confirmed,confirmed_by_candle_count (10),10.0,0.99239,0.99503,0.99141,0.99431,1.03685,0.99002,,,,,,,,,,,,
1,2022-08-18 04:00:00,BEARISH,poi_detected,"displacement candle confirmed, base candle not broken",,,,,,,,OB,1.0188,1.01579,,,,,,,,,
2,2022-08-12 12:00:00,BEARISH,poi_detected,"displacement candle confirmed, base candle not broken",,,,,,,,OB,1.02677,1.0251,,,,,,,,,
3,2022-08-11 16:00:00,BEARISH,poi_detected,"displacement candle confirmed, base candle not broken",,,,,,,,OB,1.03274,1.03048,,,,,,,,,
110,2022-09-05 00:00:00,BEARISH,bos_4h,price closed below previous swing low → BOS triggered without prior POI,,0.99051,0.99051,0.9885,0.98875,,0.99002,,,,,,,,,,,,
0,2022-09-05 01:00:00,BEARISH,start,,,,,,,,,,,,,,,,,,,,
37,2022-09-05 04:00:00,BEARISH,pullback_check_bearish,,,0.99111,0.9944,0.99041,0.99169,,,,,,,0.99041,,,1.00898,0.0,,0.21486268174474654,False
38,2022-09-05 08:00:00,BEARISH,pullback_check_bearish,,,0.99168,0.99347,0.99139,0.99291,,,,,,,0.99041,,,1.00898,1.0,,0.16478190630048226,False
39,2022-09-05 12:00:00,BEARISH,pullback_check_bearish,,,0.9929,0.99359,0.99272,0.99305,,,,,,,0.99041,,,1.00898,2.0,,0.17124394184167824,False
40,2022-09-05 16:00:00,BEARISH,pullback_check_bearish,,,0.99304,0.99518,0.99244,0.995,,,,,,,0.99041,,,1.00898,3.0,,0.25686591276251736,False
41,2022-09-05 20:00:00,BEARISH,pullback_check_bearish,,,0.99501,0.99706,0.99426,0.9944,,,,,,,0.99041,,,1.00898,3.0,,0.3581044695745796,False
42,2022-09-06 00:00:00,BEARISH,pullback_check_bearish,,,0.9944,0.99862,0.99439,0.99755,,,,,,,0.99041,,,1.00898,4.0,,0.44211093161012116,False
43,2022-09-06 04:00:00,BEARISH,pullback_check_bearish,,,0.99755,0.99761,0.99177,0.99236,,,,,,,0.99041,,,1.00898,4.0,,0.38772213247172826,False
44,2022-09-06 08:00:00,BEARISH,pullback_check_bearish,,,0.99236,0.99297,0.98638,0.99119,,,,,,,0.98638,,,1.00898,0.0,,0.2915929203539822,False
45,2022-09-06 12:00:00,BEARISH,pullback_check_bearish,,,0.9912,0.99163,0.98953,0.99038,,,,,,,0.98638,,,1.00898,0.0,,0.23230088495575166,False
46,2022-09-06 16:00:00,BEARISH,pullback_check_bearish,,,0.99039,0.99078,0.989,0.9897,,,,,,,0.98638,,,1.00898,0.0,,0.19469026548672427,False
47,2022-09-06 20:00:00,BEARISH,pullback_check_bearish,,,0.98971,0.99038,0.98768,0.98863,,,,,,,0.98638,,,1.00898,0.0,,0.1769911504424784,False
48,2022-09-07 00:00:00,BEARISH,pullback_check_bearish,,,0.98859,0.99282,0.98797,0.99237,,,,,,,0.98638,,,1.00898,1.0,,0.28495575221239,False
49,2022-09-07 04:00:00,BEARISH,pullback_check_bearish,,,0.99236,0.993,0.98768,0.98782,,,,,,,0.98638,,,1.00898,1.0,,0.2929203539822997,False
50,2022-09-07 08:00:00,BEARISH,pullback_check_bearish,,,0.98782,0.9954,0.98756,0.99392,,,,,,,0.98638,,,1.00898,2.0,,0.39911504424778477,False
51,2022-09-07 12:00:00,BEARISH,pullback_check_bearish,,,0.99391,1.00098,0.99386,1.00086,,,,,,,0.98638,,,1.00898,3.0,,0.6460176991150433,False
52,2022-09-07 16:00:00,BEARISH,pullback_check_bearish,,,1.00085,1.00128,0.99933,0.99976,,,,,,,0.98638,,,1.00898,3.0,,0.6592920353982276,False
53,2022-09-07 20:00:00,BEARISH,pullback_check_bearish,,,0.99981,1.00008,0.99791,0.99861,,,,,,,0.98638,,,1.00898,3.0,,0.60619469026549,False
54,2022-09-08 00:00:00,BEARISH,pullback_check_bearish,,,0.9986,1.00148,0.9976,0.99815,,,,,,,0.98638,,,1.00898,3.0,,0.6681415929203506,False
55,2022-09-08 04:00:00,BEARISH,pullback_check_bearish,,,0.99814,1.00293,0.99782,1.00198,,,,,,,0.98638,,,1.00898,4.0,,0.7323008849557566,False
56,2022-09-08 08:00:00,BEARISH,pullback_check_bearish,,,1.00196,1.00294,0.99303,0.99534,,,,,,,0.98638,,,1.00898,4.0,,0.7327433628318558,False
57,2022-09-08 12:00:00,BEARISH,pullback_check_bearish,,,0.99533,0.99997,0.99442,0.99989,,,,,,,0.98638,,,1.00898,5.0,,0.6013274336283194,False
58,2022-09-08 16:00:00,BEARISH,pullback_check_bearish,,,0.99991,1.00099,0.99949,1.00097,,,,,,,0.98638,,,1.00898,6.0,,0.6464601769911523,False
59,2022-09-08 20:00:00,BEARISH,pullback_check_bearish,,,1.00096,1.0084,1.00083,1.00693,,,,,,,0.98638,,,1.00898,7.0,,0.9743362831858395,True
59,2022-09-08 20:00:00,BEARISH,pullback_confirmed,confirmed_by_depth (depth_ratio=0.974),7.0,1.00096,1.0084,1.00083,1.00693,1.00898,0.98638,,,,,,,,,,,,
1,2022-08-29 04:00:00,BEARISH,poi_detected,"pullback candles met, not tapped yet",,,,,,,,LIQ,1.00898,,,,,,,,,,
2,2022-09-02 04:00:00,BEARISH,poi_detected,"pullback candles met, not tapped yet",,,,,,,,LIQ,1.00898,,,,,,,,,,
3,2022-09-02 08:00:00,BEARISH,poi_detected,"pullback candles met, not tapped yet",,,,,,,,LIQ,1.00898,,,,,,,,,,
4,2022-09-07 12:00:00,BEARISH,poi_detected,"pullback candles met, not tapped yet",,,,,,,,LIQ,1.00898,,,,,,,,,,
60,2022-09-09 00:00:00,BEARISH,choch_4h,price closed above previous swing high → structure invalidated,,1.00777,1.01013,1.00775,1.01006,1.00898,,,,,,,,,,,,,
0,2022-09-09 03:10:00,BULLISH,start,,,,,,,,,,,,,,,,,,,,
17,2022-09-09 04:00:00,BULLISH,pullback_check_bullish,,,1.00963,1.01131,1.00361,1.00371,,,,,,,,1.01131,0.98638,,,0.0,0.30886482150020345,False
18,2022-09-09 08:00:00,BULLISH,pullback_check_bullish,,,1.0037,1.00625,1.0032,1.0045,,,,,,,,1.01131,0.98638,,,0.0,0.3253108704372191,False
19,2022-09-09 12:00:00,BULLISH,pullback_check_bullish,,,1.00449,1.00551,1.00366,1.00453,,,,,,,,1.01131,0.98638,,,0.0,0.30685920577617193,False
20,2022-09-09 16:00:00,BULLISH,pullback_check_bullish,,,1.00453,1.00479,1.00395,1.00425,,,,,,,,1.01131,0.98638,,,1.0,0.29522663457681764,False
21,2022-09-11 16:00:00,BULLISH,pullback_check_bullish,,,1.01039,1.01039,1.00596,1.00702,,,,,,,,1.01131,0.98638,,,2.0,0.2146008824709181,False
22,2022-09-11 20:00:00,BULLISH,pullback_check_bullish,,,1.00703,1.00951,1.00629,1.0081,,,,,,,,1.01131,0.98638,,,2.0,0.20136381869234035,False
23,2022-09-12 00:00:00,BULLISH,pullback_check_bullish,,,1.00809,1.01977,1.00732,1.01746,,,,,,,,1.01977,0.98638,,,0.0,0.37286612758311055,False
24,2022-09-12 04:00:00,BULLISH,pullback_check_bullish,,,1.01747,1.01954,1.0129,1.01436,,,,,,,,1.01977,0.98638,,,1.0,0.20575022461815357,False
25,2022-09-12 08:00:00,BULLISH,pullback_check_bullish,,,1.01438,1.01627,1.01041,1.01255,,,,,,,,1.01977,0.98638,,,2.0,0.28032345013477167,False
26,2022-09-12 12:00:00,BULLISH,pullback_check_bullish,,,1.01256,1.01443,1.01107,1.01151,,,,,,,,1.01977,0.98638,,,3.0,0.2605570530098875,False
27,2022-09-12 16:00:00,BULLISH,pullback_check_bullish,,,1.01152,1.01296,1.01147,1.0129,,,,,,,,1.01977,0.98638,,,3.0,0.24857741838873815,False
28,2022-09-12 20:00:00,BULLISH,pullback_check_bullish,,,1.0129,1.01464,1.01239,1.013,,,,,,,,1.01977,0.98638,,,3.0,0.22102425876011253,False
29,2022-09-13 00:00:00,BULLISH,pullback_check_bullish,,,1.013,1.01548,1.01194,1.0147,,,,,,,,1.01977,0.98638,,,3.0,0.23450134770889478,False
30,2022-09-13 04:00:00,BULLISH,pullback_check_bullish,,,1.01472,1.0187,1.01325,1.01769,,,,,,,,1.01977,0.98638,,,3.0,0.19526804432465036,False
31,2022-09-13 08:00:00,BULLISH,pullback_check_bullish,,,1.01771,1.01796,0.99952,0.99965,,,,,,,,1.01977,0.98638,,,4.0,0.6064690026954203,False
32,2022-09-13 12:00:00,BULLISH,pullback_check_bullish,,,0.99965,1.00086,0.99701,0.99731,,,,,,,,1.01977,0.98638,,,5.0,0.6816412099430995,False
33,2022-09-13 16:00:00,BULLISH,pullback_check_bullish,,,0.99731,0.99806,0.99554,0.99778,,,,,,,,1.01977,0.98638,,,5.0,0.725666367175803,False
34,2022-09-13 20:00:00,BULLISH,pullback_check_bullish,,,0.99779,0.99901,0.99686,0.99886,,,,,,,,1.01977,0.98638,,,5.0,0.6861335729260281,False
35,2022-09-14 00:00:00,BULLISH,pullback_check_bullish,,,0.99887,1.00021,0.99595,0.99878,,,,,,,,1.01977,0.98638,,,6.0,0.7133872416891297,False
36,2022-09-14 04:00:00,BULLISH,pullback_check_bullish,,,0.99878,1.00234,0.9981,0.99922,,,,,,,,1.01977,0.98638,,,6.0,0.648996705600481,False
37,2022-09-14 08:00:00,BULLISH,pullback_check_bullish,,,0.99921,1.00093,0.99705,0.99934,,,,,,,,1.01977,0.98638,,,6.0,0.6804432464809839,False
38,2022-09-14 12:00:00,BULLISH,pullback_check_bullish,,,0.99935,1.00083,0.99689,0.99795,,,,,,,,1.01977,0.98638,,,7.0,0.6852351003294397,False
39,2022-09-14 16:00:00,BULLISH,pullback_check_bullish,,,0.99795,0.99845,0.99726,0.9982,,,,,,,,1.01977,0.98638,,,7.0,0.674153938304882,False
40,2022-09-14 20:00:00,BULLISH,pullback_check_bullish,,,0.99819,0.99824,0.9969,0.99739,,,,,,,,1.01977,0.98638,,,8.0,0.6849356094639124,False
41,2022-09-15 00:00:00,BULLISH,pullback_check_bullish,,,0.9974,0.99788,0.99556,0.99774,,,,,,,,1.01977,0.98638,,,8.0,0.7250673854447452,False
42,2022-09-15 04:00:00,BULLISH,pullback_check_bullish,,,0.99775,1.00004,0.99689,0.99847,,,,,,,,1.01977,0.98638,,,8.0,0.6852351003294397,False
43,2022-09-15 08:00:00,BULLISH,pullback_check_bullish,,,0.99846,1.00177,0.99779,0.99905,,,,,,,,1.01977,0.98638,,,8.0,0.6582809224318685,False
44,2022-09-15 12:00:00,BULLISH,pullback_check_bullish,,,0.99905,1.00153,0.99875,0.99945,,,,,,,,1.01977,0.98638,,,8.0,0.6295297993411206,False
45,2022-09-15 16:00:00,BULLISH,pullback_check_bullish,,,0.99944,1.00005,0.99869,0.99874,,,,,,,,1.01977,0.98638,,,9.0,0.631326744534294,False
46,2022-09-15 20:00:00,BULLISH,pullback_check_bullish,,,0.99876,1.0012,0.9986,0.99972,,,,,,,,1.01977,0.98638,,,9.0,0.6340221623240492,False
47,2022-09-16 00:00:00,BULLISH,pullback_check_bullish,,,0.99973,1.00019,0.99448,0.99559,,,,,,,,1.01977,0.98638,,,10.0,0.7574123989218332,False
47,2022-09-16 00:00:00,BULLISH,pullback_confirmed,confirmed_by_candle_count (10),10.0,0.99973,1.00019,0.99448,0.99559,1.01977,0.98638,,,,,,,,,,,,
1,2022-09-06 16:00:00,BULLISH,poi_detected,"pullback candles met, not tapped yet",,,,,,,,LIQ,,0.98638,,,,,,,,,
2,2022-09-06 20:00:00,BULLISH,poi_detected,"pullback candles met, not tapped yet",,,,,,,,LIQ,,0.98638,,,,,,,,,
3,2022-09-13 12:00:00,BULLISH,poi_detected,"pullback candles met, not tapped yet",,,,,,,,LIQ,,0.98638,,,,,,,,,
69,2022-09-21 12:00:00,BULLISH,choch_4h,price closed below previous swing low → structure invalidated,,0.98725,0.98725,0.98128,0.9835,,0.98638,,,,,,,,,,,,
0,2022-09-21 14:00:00,BEARISH,start,,,,,,,,,,,,,,,,,,,,
47,2022-09-21 16:00:00,BEARISH,pullback_check_bearish,,,0.98507,0.98507,0.98289,0.98313,,,,,,,0.98289,,,1.01977,0.0,,0.05911062906724399,False
48,2022-09-21 20:00:00,BEARISH,pullback_check_bearish,,,0.98316,0.98378,0.9808,0.98193,,,,,,,0.9808,,,1.01977,0.0,,0.07646907877854704,False
49,2022-09-22 00:00:00,BEARISH,pullback_check_bearish,,,0.98191,0.98533,0.98131,0.98453,,,,,,,0.9808,,,1.01977,1.0,,0.11624326404926937,False
50,2022-09-22 04:00:00,BEARISH,pullback_check_bearish,,,0.98453,0.99074,0.98407,0.98662,,,,,,,0.9808,,,1.01977,2.0,,0.2550680010264289,False
51,2022-09-22 08:00:00,BEARISH,pullback_check_bearish,,,0.98663,0.98878,0.98119,0.98399,,,,,,,0.9808,,,1.01977,2.0,,0.20477290223248587,False
52,2022-09-22 12:00:00,BEARISH,pullback_check_bearish,,,0.98399,0.98519,0.98296,0.98393,,,,,,,0.9808,,,1.01977,2.0,,0.11265075699255833,False
53,2022-09-22 16:00:00,BEARISH,pullback_check_bearish,,,0.98392,0.98401,0.98291,0.98383,,,,,,,0.9808,,,1.01977,2.0,,0.08237105465742985,False
54,2022-09-22 20:00:00,BEARISH,pullback_check_bearish,,,0.98384,0.98517,0.98206,0.98233,,,,,,,0.9808,,,1.01977,2.0,,0.11213754169874207,False
55,2022-09-23 00:00:00,BEARISH,pullback_check_bearish,,,0.98234,0.9838,0.97669,0.97751,,,,,,,0.97669,,,1.01977,0.0,,0.16504178272980596,False
56,2022-09-23 04:00:00,BEARISH,pullback_check_bearish,,,0.97751,0.97802,0.97361,0.97511,,,,,,,0.97361,,,1.01977,0.0,,0.09553726169844057,False
57,2022-09-23 08:00:00,BEARISH,pullback_check_bearish,,,0.97511,0.97746,0.9702,0.97171,,,,,,,0.9702,,,1.01977,0.0,,0.14645955214847745,False
58,2022-09-23 12:00:00,BEARISH,pullback_check_bearish,,,0.97173,0.97239,0.9668,0.9691,,,,,,,0.9668,,,1.01977,0.0,,0.1055314328865391,False
59,2022-09-23 16:00:00,BEARISH,pullback_check_bearish,,,0.96908,0.96967,0.96869,0.96885,,,,,,,0.9668,,,1.01977,0.0,,0.05418161223334029,False
60,2022-09-25 16:00:00,BEARISH,pullback_check_bearish,,,0.96666,0.97098,0.96666,0.96855,,,,,,,0.96666,,,1.01977,0.0,,0.08134061382037247,False
61,2022-09-25 20:00:00,BEARISH,pullback_check_bearish,,,0.96854,0.96916,0.95503,0.96338,,,,,,,0.95503,,,1.01977,0.0,,0.2182576459684889,False
62,2022-09-26 00:00:00,BEARISH,pullback_check_bearish,,,0.96338,0.97013,0.96202,0.96783,,,,,,,0.95503,,,1.01977,1.0,,0.23324065492740187,False
63,2022-09-26 04:00:00,BEARISH,pullback_check_bearish,,,0.96782,0.96974,0.96188,0.96378,,,,,,,0.95503,,,1.01977,1.0,,0.22721655854185968,False
64,2022-09-26 08:00:00,BEARISH,pullback_check_bearish,,,0.96377,0.96894,0.96095,0.96197,,,,,,,0.95503,,,1.01977,1.0,,0.2148594377510036,False
65,2022-09-26 12:00:00,BEARISH,pullback_check_bearish,,,0.96198,0.96294,0.95995,0.96087,,,,,,,0.95503,,,1.01977,1.0,,0.12218103181958558,False
66,2022-09-26 16:00:00,BEARISH,pullback_check_bearish,,,0.96088,0.96241,0.95839,0.962,,,,,,,0.95503,,,1.01977,2.0,,0.1139944392956432,False
67,2022-09-26 20:00:00,BEARISH,pullback_check_bearish,,,0.96201,0.96449,0.96184,0.96408,,,,,,,0.95503,,,1.01977,3.0,,0.14612295335186762,False
68,2022-09-27 00:00:00,BEARISH,pullback_check_bearish,,,0.96408,0.96707,0.96348,0.96469,,,,,,,0.95503,,,1.01977,4.0,,0.18597466790237777,False
69,2022-09-27 04:00:00,BEARISH,pullback_check_bearish,,,0.9647,0.96525,0.96063,0.96384,,,,,,,0.95503,,,1.01977,4.0,,0.15786221810318202,False
70,2022-09-27 08:00:00,BEARISH,pullback_check_bearish,,,0.96385,0.96483,0.95933,0.96145,,,,,,,0.95503,,,1.01977,4.0,,0.1513747296879814,False
71,2022-09-27 12:00:00,BEARISH,pullback_check_bearish,,,0.96146,0.96156,0.95689,0.95943,,,,,,,0.95503,,,1.01977,4.0,,0.1008649984553587,False
72,2022-09-27 16:00:00,BEARISH,pullback_check_bearish,,,0.95942,0.95995,0.95839,0.95953,,,,,,,0.95503,,,1.01977,5.0,,0.07599629286376156,False
73,2022-09-27 20:00:00,BEARISH,pullback_check_bearish,,,0.95953,0.96006,0.95426,0.95578,,,,,,,0.95426,,,1.01977,0.0,,0.08853610135857154,False
74,2022-09-28 00:00:00,BEARISH,pullback_check_bearish,,,0.95579,0.95871,0.95357,0.95774,,,,,,,0.95357,,,1.01977,0.0,,0.07764350453172084,False
75,2022-09-28 04:00:00,BEARISH,pullback_check_bearish,,,0.95777,0.96026,0.95377,0.95658,,,,,,,0.95357,,,1.01977,0.0,,0.10105740181268837,False
76,2022-09-28 08:00:00,BEARISH,pullback_check_bearish,,,0.95658,0.96881,0.95597,0.96788,,,,,,,0.95357,,,1.01977,1.0,,0.23021148036253644,False
77,2022-09-28 12:00:00,BEARISH,pullback_check_bearish,,,0.96791,0.97508,0.96784,0.97323,,,,,,,0.95357,,,1.01977,2.0,,0.32492447129909224,False
78,2022-09-28 16:00:00,BEARISH,pullback_check_bearish,,,0.97322,0.9739,0.97043,0.97054,,,,,,,0.95357,,,1.01977,2.0,,0.3070996978851956,False
79,2022-09-28 20:00:00,BEARISH,pullback_check_bearish,,,0.97055,0.97137,0.96743,0.96859,,,,,,,0.95357,,,1.01977,2.0,,0.26888217522658486,False
80,2022-09-29 00:00:00,BEARISH,pullback_check_bearish,,,0.96856,0.96897,0.96353,0.9655,,,,,,,0.95357,,,1.01977,2.0,,0.23262839879154018,False
81,2022-09-29 04:00:00,BEARISH,pullback_check_bearish,,,0.96551,0.97465,0.96418,0.97225,,,,,,,0.95357,,,1.01977,3.0,,0.3184290030211477,False
82,2022-09-29 08:00:00,BEARISH,pullback_check_bearish,,,0.97229,0.97896,0.96832,0.97733,,,,,,,0.95357,,,1.01977,4.0,,0.38353474320241704,False
83,2022-09-29 12:00:00,BEARISH,pullback_check_bearish,,,0.97729,0.98089,0.97692,0.98006,,,,,,,0.95357,,,1.01977,5.0,,0.4126888217522658,False
84,2022-09-29 16:00:00,BEARISH,pullback_check_bearish,,,0.98006,0.98437,0.97969,0.98291,,,,,,,0.95357,,,1.01977,6.0,,0.46525679758308036,False
85,2022-09-29 20:00:00,BEARISH,pullback_check_bearish,,,0.98292,0.98332,0.97943,0.97994,,,,,,,0.95357,,,1.01977,6.0,,0.44939577039274814,False
86,2022-09-30 00:00:00,BEARISH,pullback_check_bearish,,,0.97996,0.98383,0.97898,0.98326,,,,,,,0.95357,,,1.01977,7.0,,0.45709969788519544,False
87,2022-09-30 04:00:00,BEARISH,pullback_check_bearish,,,0.98325,0.98537,0.9741,0.97463,,,,,,,0.95357,,,1.01977,7.0,,0.4803625377643493,False
88,2022-09-30 08:00:00,BEARISH,pullback_check_bearish,,,0.97463,0.98182,0.97346,0.97824,,,,,,,0.95357,,,1.01977,8.0,,0.42673716012084567,False
89,2022-09-30 12:00:00,BEARISH,pullback_check_bearish,,,0.97824,0.98155,0.97704,0.98008,,,,,,,0.95357,,,1.01977,9.0,,0.42265861027190316,False
90,2022-09-30 16:00:00,BEARISH,pullback_check_bearish,,,0.98008,0.981,0.9798,0.98013,,,,,,,0.95357,,,1.01977,10.0,,0.41435045317220454,False
90,2022-09-30 16:00:00,BEARISH,pullback_confirmed,confirmed_by_candle_count (10),10.0,0.98008,0.981,0.9798,0.98013,1.01977,0.95357,,,,,,,,,,,,
1,2022-09-13 00:00:00,BEARISH,poi_detected,"pullback candles met, not tapped yet",,,,,,,,LIQ,1.01977,,,,,,,,,,
2,2022-09-13 04:00:00,BEARISH,poi_detected,"pullback candles met, not tapped yet",,,,,,,,LIQ,1.01977,,,,,,,,,,
269,2022-11-10 16:00:00,BEARISH,choch_4h,price closed above previous swing high → structure invalidated,,1.01968,1.02056,1.01949,1.02005,1.01977,,,,,,,,,,,,,
0,2022-11-10 16:00:00,BULLISH,start,,,,,,,,,,,,,,,,,,,,
195,2022-11-10 16:00:00,BULLISH,pullback_check_bullish,,,1.01968,1.02218,1.01756,1.01848,,,,,,,,1.02218,0.95357,,,0.0,0.06733712286838747,False
196,2022-11-10 20:00:00,BULLISH,pullback_check_bullish,,,1.01851,1.0198,1.0163,1.01922,,,,,,,,1.02218,0.95357,,,0.0,0.08570179274158435,False
197,2022-11-11 00:00:00,BULLISH,pullback_check_bullish,,,1.0192,1.02737,1.01893,1.02701,,,,,,,,1.02737,0.95357,,,0.0,0.11436314363143657,False
198,2022-11-11 04:00:00,BULLISH,pullback_check_bullish,,,1.02702,1.03137,1.02406,1.03089,,,,,,,,1.03137,0.95357,,,0.0,0.09395886889460077,False
199,2022-11-11 08:00:00,BULLISH,pullback_check_bullish,,,1.03092,1.03389,1.02657,1.03328,,,,,,,,1.03389,0.95357,,,0.0,0.09113545816733065,False
200,2022-11-11 12:00:00,BULLISH,pullback_check_bullish,,,1.03327,1.0364,1.0329,1.03574,,,,,,,,1.0364,0.95357,,,0.0,0.04225522153809079,False
201,2022-11-11 16:00:00,BULLISH,pullback_check_bullish,,,1.03574,1.03594,1.03493,1.03538,,,,,,,,1.0364,0.95357,,,1.0,0.01774719304599883,False
202,2022-11-13 16:00:00,BULLISH,pullback_check_bullish,,,1.03354,1.03411,1.03141,1.03326,,,,,,,,1.0364,0.95357,,,2.0,0.06024387299287761,False
203,2022-11-13 20:00:00,BULLISH,pullback_check_bullish,,,1.03326,1.03501,1.03051,1.03122,,,,,,,,1.0364,0.95357,,,3.0,0.07110950138838529,False
204,2022-11-14 00:00:00,BULLISH,pullback_check_bullish,,,1.03123,1.03504,1.02977,1.03444,,,,,,,,1.0364,0.95357,,,3.0,0.08004346251358103,False
205,2022-11-14 04:00:00,BULLISH,pullback_check_bullish,,,1.03443,1.03446,1.02713,1.03339,,,,,,,,1.0364,0.95357,,,4.0,0.11191597247374012,False
206,2022-11-14 08:00:00,BULLISH,pullback_check_bullish,,,1.03339,1.03509,1.02972,1.03354,,,,,,,,1.0364,0.95357,,,4.0,0.08064710853555503,False
207,2022-11-14 12:00:00,BULLISH,pullback_check_bullish,,,1.03355,1.03584,1.03282,1.03284,,,,,,,,1.0364,0.95357,,,5.0,0.04322105517324542,False
208,2022-11-14 16:00:00,BULLISH,pullback_check_bullish,,,1.03284,1.0333,1.03125,1.03185,,,,,,,,1.0364,0.95357,,,6.0,0.06217554026318955,False
209,2022-11-14 20:00:00,BULLISH,pullback_check_bullish,,,1.03185,1.03282,1.03121,1.03211,,,,,,,,1.0364,0.95357,,,6.0,0.06265845708076821,False
210,2022-11-15 00:00:00,BULLISH,pullback_check_bullish,,,1.03209,1.0418,1.03195,1.04072,,,,,,,,1.0418,0.95357,,,0.0,0.11164003173523895,False
211,2022-11-15 04:00:00,BULLISH,pullback_check_bullish,,,1.04071,1.04371,1.03883,1.04069,,,,,,,,1.04371,0.95357,,,0.0,0.05413800754382074,False
212,2022-11-15 08:00:00,BULLISH,pullback_check_bullish,,,1.0407,1.04808,1.03605,1.03713,,,,,,,,1.04808,0.95357,,,0.0,0.12728811765950696,False
213,2022-11-15 12:00:00,BULLISH,pullback_check_bullish,,,1.03714,1.03885,1.02799,1.03534,,,,,,,,1.04808,0.95357,,,1.0,0.21257009840228513,False
214,2022-11-15 16:00:00,BULLISH,pullback_check_bullish,,,1.03533,1.03611,1.03356,1.03443,,,,,,,,1.04808,0.95357,,,2.0,0.15363453602793234,False
215,2022-11-15 20:00:00,BULLISH,pullback_check_bullish,,,1.03442,1.03868,1.03307,1.0345,,,,,,,,1.04808,0.95357,,,2.0,0.15881917257433065,False
216,2022-11-16 00:00:00,BULLISH,pullback_check_bullish,,,1.03453,1.04206,1.03407,1.04058,,,,,,,,1.04808,0.95357,,,2.0,0.14823828166331474,False
217,2022-11-16 04:00:00,BULLISH,pullback_check_bullish,,,1.04058,1.04384,1.04041,1.04193,,,,,,,,1.04808,0.95357,,,2.0,0.08115543328748126,False
218,2022-11-16 08:00:00,BULLISH,pullback_check_bullish,,,1.04192,1.04227,1.03723,1.03943,,,,,,,,1.04808,0.95357,,,3.0,0.11480266638450766,False
219,2022-11-16 12:00:00,BULLISH,pullback_check_bullish,,,1.03942,1.04046,1.03545,1.03974,,,,,,,,1.04808,0.95357,,,3.0,0.1336366522061151,False
220,2022-11-16 16:00:00,BULLISH,pullback_check_bullish,,,1.03976,1.0399,1.03854,1.03863,,,,,,,,1.04808,0.95357,,,4.0,0.1009416992910792,False
221,2022-11-16 20:00:00,BULLISH,pullback_check_bullish,,,1.03863,1.03909,1.03596,1.03708,,,,,,,,1.04808,0.95357,,,5.0,0.12824039784149746,False
222,2022-11-17 00:00:00,BULLISH,pullback_check_bullish,,,1.03707,1.04065,1.03683,1.03861,,,,,,,,1.04808,0.95357,,,5.0,0.11903502274891543,False
223,2022-11-17 04:00:00,BULLISH,pullback_check_bullish,,,1.0386,1.03874,1.03211,1.03324,,,,,,,,1.04808,0.95357,,,6.0,0.16897682784890317,False
224,2022-11-17 08:00:00,BULLISH,pullback_check_bullish,,,1.03323,1.03533,1.03051,1.03387,,,,,,,,1.04808,0.95357,,,6.0,0.1859062533065272,False
225,2022-11-17 12:00:00,BULLISH,pullback_check_bullish,,,1.03388,1.03694,1.03369,1.03686,,,,,,,,1.04808,0.95357,,,6.0,0.15225902020950083,False
226,2022-11-17 16:00:00,BULLISH,pullback_check_bullish,,,1.03685,1.03738,1.03569,1.03712,,,,,,,,1.04808,0.95357,,,6.0,0.13109723838747137,False
227,2022-11-17 20:00:00,BULLISH,pullback_check_bullish,,,1.03712,1.03908,1.0361,1.03648,,,,,,,,1.04808,0.95357,,,7.0,0.1267590731139551,False
228,2022-11-18 00:00:00,BULLISH,pullback_check_bullish,,,1.03648,1.03858,1.03421,1.03567,,,,,,,,1.04808,0.95357,,,8.0,0.14675695693577237,False
229,2022-11-18 04:00:00,BULLISH,pullback_check_bullish,,,1.03567,1.03959,1.03483,1.03611,,,,,,,,1.04808,0.95357,,,8.0,0.14019680457094488,False
230,2022-11-18 08:00:00,BULLISH,pullback_check_bullish,,,1.0361,1.03863,1.0326,1.0348,,,,,,,,1.04808,0.95357,,,9.0,0.16379219130250725,False
231,2022-11-18 12:00:00,BULLISH,pullback_check_bullish,,,1.03481,1.03493,1.03199,1.03248,,,,,,,,1.04808,0.95357,,,10.0,0.1702465347582262,False
231,2022-11-18 12:00:00,BULLISH,pullback_confirmed,confirmed_by_candle_count (10),10.0,1.03481,1.03493,1.03199,1.03248,1.04808,0.95357,,,,,,,,,,,,
1,2022-11-09 16:00:00,BULLISH,poi_detected,"displacement candle confirmed, base candle not broken",,,,,,,,OB,1.00428,0.99354,,,,,,,,,
2,2022-10-12 12:00:00,BULLISH,poi_detected,"displacement candle confirmed, base candle not broken",,,,,,,,OB,0.97219,0.968,,,,,,,,,
3,2022-09-28 20:00:00,BULLISH,poi_detected,"pullback candles met, not tapped yet",,,,,,,,LIQ,,0.95357,,,,,,,,,
267,2022-11-28 04:00:00,BULLISH,bos_4h,price closed above previous swing high → BOS triggered without prior POI,,1.0474,1.04911,1.04722,1.04888,1.04808,,,,,,,,,,,,,
0,2022-11-28 06:00:00,BULLISH,start,,,,,,,,,,,,,,,,,,,,
30,2022-11-28 08:00:00,BULLISH,pullback_check_bullish,,,1.04728,1.04766,1.0376,1.03849,,,,,,,,1.04766,1.02227,,,0.0,0.3962189838519082,False
31,2022-11-28 12:00:00,BULLISH,pullback_check_bullish,,,1.03849,1.03883,1.033,1.03353,,,,,,,,1.04766,1.02227,,,1.0,0.5773926742812172,False
32,2022-11-28 16:00:00,BULLISH,pullback_check_bullish,,,1.03353,1.03502,1.03334,1.034,,,,,,,,1.04766,1.02227,,,1.0,0.5640015754233989,False
33,2022-11-28 20:00:00,BULLISH,pullback_check_bullish,,,1.03401,1.03942,1.03339,1.03928,,,,,,,,1.04766,1.02227,,,1.0,0.5620322961795979,False
34,2022-11-29 00:00:00,BULLISH,pullback_check_bullish,,,1.03928,1.0393,1.03507,1.03828,,,,,,,,1.04766,1.02227,,,2.0,0.4958645135880303,False
35,2022-11-29 04:00:00,BULLISH,pullback_check_bullish,,,1.03829,1.03933,1.03557,1.03751,,,,,,,,1.04766,1.02227,,,3.0,0.476171721150056,False
36,2022-11-29 08:00:00,BULLISH,pullback_check_bullish,,,1.03753,1.03842,1.03245,1.03549,,,,,,,,1.04766,1.02227,,,4.0,0.5990547459629748,False
37,2022-11-29 12:00:00,BULLISH,pullback_check_bullish,,,1.0355,1.03551,1.03197,1.03254,,,,,,,,1.04766,1.02227,,,5.0,0.6179598267034252,False
38,2022-11-29 16:00:00,BULLISH,pullback_check_bullish,,,1.03254,1.03431,1.03188,1.03429,,,,,,,,1.04766,1.02227,,,5.0,0.6215045293422652,False
39,2022-11-29 20:00:00,BULLISH,pullback_check_bullish,,,1.03429,1.036,1.03358,1.03557,,,,,,,,1.04766,1.02227,,,5.0,0.5545490350531737,False
40,2022-11-30 00:00:00,BULLISH,pullback_check_bullish,,,1.03558,1.03702,1.03355,1.03684,,,,,,,,1.04766,1.02227,,,5.0,0.5557306025994507,False
41,2022-11-30 04:00:00,BULLISH,pullback_check_bullish,,,1.03683,1.03811,1.03463,1.03683,,,,,,,,1.04766,1.02227,,,5.0,0.5131941709334417,False
42,2022-11-30 08:00:00,BULLISH,pullback_check_bullish,,,1.03681,1.03998,1.029,1.03217,,,,,,,,1.04766,1.02227,,,6.0,0.7349350137849587,False
43,2022-11-30 12:00:00,BULLISH,pullback_check_bullish,,,1.03215,1.04285,1.03045,1.04071,,,,,,,,1.04766,1.02227,,,6.0,0.6778259157148456,False
44,2022-11-30 16:00:00,BULLISH,pullback_check_bullish,,,1.04074,1.04392,1.03986,1.04379,,,,,,,,1.04766,1.02227,,,6.0,0.30720756203229704,False
45,2022-11-30 20:00:00,BULLISH,pullback_check_bullish,,,1.04379,1.04477,1.04187,1.0439,,,,,,,,1.04766,1.02227,,,6.0,0.2280425364316643,False
46,2022-12-01 00:00:00,BULLISH,pullback_check_bullish,,,1.04389,1.04638,1.03929,1.04439,,,,,,,,1.04766,1.02227,,,6.0,0.3296573454115786,False
47,2022-12-01 04:00:00,BULLISH,pullback_check_bullish,,,1.0444,1.04546,1.04176,1.04446,,,,,,,,1.04766,1.02227,,,6.0,0.23237495076801934,False
48,2022-12-01 08:00:00,BULLISH,pullback_check_bullish,,,1.04445,1.05336,1.04345,1.04971,,,,,,,,1.05336,1.02227,,,0.0,0.3187520102927007,False
49,2022-12-01 12:00:00,BULLISH,pullback_check_bullish,,,1.04969,1.05303,1.04694,1.05238,,,,,,,,1.05336,1.02227,,,0.0,0.20649726600193244,False
50,2022-12-01 16:00:00,BULLISH,pullback_check_bullish,,,1.05238,1.05393,1.0507,1.05099,,,,,,,,1.05393,1.02227,,,0.0,0.10202147820594011,False
51,2022-12-01 20:00:00,BULLISH,pullback_check_bullish,,,1.05099,1.05258,1.05049,1.05231,,,,,,,,1.05393,1.02227,,,0.0,0.10865445356917584,False
52,2022-12-02 00:00:00,BULLISH,pullback_check_bullish,,,1.05232,1.05448,1.05127,1.05353,,,,,,,,1.05448,1.02227,,,0.0,0.09965849115182086,False
53,2022-12-02 04:00:00,BULLISH,pullback_check_bullish,,,1.05353,1.05445,1.05152,1.05375,,,,,,,,1.05448,1.02227,,,0.0,0.09189692642036842,False
54,2022-12-02 08:00:00,BULLISH,pullback_check_bullish,,,1.05384,1.05408,1.0428,1.05195,,,,,,,,1.05448,1.02227,,,1.0,0.36262030425334085,False
55,2022-12-02 12:00:00,BULLISH,pullback_check_bullish,,,1.05196,1.05402,1.05104,1.0533,,,,,,,,1.05448,1.02227,,,1.0,0.10679913070475325,False
56,2022-12-02 16:00:00,BULLISH,pullback_check_bullish,,,1.05332,1.05423,1.0532,1.05325,,,,,,,,1.05448,1.02227,,,2.0,0.03973921142502847,False
57,2022-12-04 16:00:00,BULLISH,pullback_check_bullish,,,1.05303,1.05478,1.05303,1.05426,,,,,,,,1.05478,1.02227,,,0.0,0.05382959089511345,False
58,2022-12-04 20:00:00,BULLISH,pullback_check_bullish,,,1.05428,1.05832,1.05414,1.0581,,,,,,,,1.05832,1.02227,,,0.0,0.11595006934812373,False
59,2022-12-05 00:00:00,BULLISH,pullback_check_bullish,,,1.05809,1.05847,1.05303,1.05541,,,,,,,,1.05847,1.02227,,,0.0,0.15027624309392568,False
60,2022-12-05 04:00:00,BULLISH,pullback_check_bullish,,,1.05542,1.05948,1.05196,1.05897,,,,,,,,1.05948,1.02227,,,0.0,0.20209621069604886,False
61,2022-12-05 08:00:00,BULLISH,pullback_check_bullish,,,1.05896,1.05938,1.04902,1.04931,,,,,,,,1.05948,1.02227,,,1.0,0.2811072292394497,False
62,2022-12-05 12:00:00,BULLISH,pullback_check_bullish,,,1.0493,1.05156,1.048,1.04849,,,,,,,,1.05948,1.02227,,,2.0,0.3085192152647123,False
63,2022-12-05 16:00:00,BULLISH,pullback_check_bullish,,,1.04851,1.05112,1.04841,1.05103,,,,,,,,1.05948,1.02227,,,2.0,0.29750067186240053,False
64,2022-12-05 20:00:00,BULLISH,pullback_check_bullish,,,1.05103,1.05186,1.04877,1.04906,,,,,,,,1.05948,1.02227,,,3.0,0.28782585326525145,False
65,2022-12-06 00:00:00,BULLISH,pullback_check_bullish,,,1.04905,1.05093,1.04755,1.04903,,,,,,,,1.05948,1.02227,,,4.0,0.32061273851115313,False
66,2022-12-06 04:00:00,BULLISH,pullback_check_bullish,,,1.04905,1.05326,1.04789,1.05252,,,,,,,,1.05948,1.02227,,,4.0,0.3114754098360656,False
67,2022-12-06 08:00:00,BULLISH,pullback_check_bullish,,,1.05254,1.05288,1.04858,1.04954,,,,,,,,1.05948,1.02227,,,5.0,0.29293200752485676,False
68,2022-12-06 12:00:00,BULLISH,pullback_check_bullish,,,1.04954,1.04973,1.04591,1.04693,,,,,,,,1.05948,1.02227,,,6.0,0.3646869121204003,False
69,2022-12-06 16:00:00,BULLISH,pullback_check_bullish,,,1.047,1.04703,1.04562,1.04611,,,,,,,,1.05948,1.02227,,,7.0,0.37248051599032506,False
70,2022-12-06 20:00:00,BULLISH,pullback_check_bullish,,,1.04614,1.04763,1.04549,1.04635,,,,,,,,1.05948,1.02227,,,7.0,0.37597420048373986,False
71,2022-12-07 00:00:00,BULLISH,pullback_check_bullish,,,1.04634,1.04801,1.04431,1.04777,,,,,,,,1.05948,1.02227,,,7.0,0.4076861058855125,False
72,2022-12-07 04:00:00,BULLISH,pullback_check_bullish,,,1.04778,1.05393,1.04656,1.05363,,,,,,,,1.05948,1.02227,,,7.0,0.3472184896533205,False
73,2022-12-07 08:00:00,BULLISH,pullback_check_bullish,,,1.05363,1.05496,1.04881,1.05036,,,,,,,,1.05948,1.02227,,,8.0,0.2867508734211225,False
74,2022-12-07 12:00:00,BULLISH,pullback_check_bullish,,,1.05037,1.05284,1.04985,1.05095,,,,,,,,1.05948,1.02227,,,8.0,0.2588013974737983,False
75,2022-12-07 16:00:00,BULLISH,pullback_check_bullish,,,1.05094,1.0515,1.05011,1.0502,,,,,,,,1.05948,1.02227,,,9.0,0.2518140284869628,False
76,2022-12-07 20:00:00,BULLISH,pullback_check_bullish,,,1.0502,1.05073,1.04942,1.05008,,,,,,,,1.05948,1.02227,,,10.0,0.27035743079817165,False
76,2022-12-07 20:00:00,BULLISH,pullback_confirmed,confirmed_by_candle_count (10),10.0,1.0502,1.05073,1.04942,1.05008,1.05948,1.02227,,,,,,,,,,,,
1,2022-11-28 12:00:00,BULLISH,poi_detected,"pullback candles met, not tapped yet",,,,,,,,LIQ,,1.02227,,,,,,,,,
98,2022-12-13 08:00:00,BULLISH,bos_4h,price closed above previous swing high → BOS triggered without prior POI,,1.05537,1.06489,1.05537,1.06126,1.05948,,,,,,,,,,,,,
0,2022-12-13 08:30:00,BULLISH,start,,,,,,,,,,,,,,,,,,,,
28,2022-12-13 12:00:00,BULLISH,pullback_check_bullish,,,1.06293,1.06408,1.06102,1.06269,,,,,,,,1.06408,1.04431,,,0.0,0.1547799696509795,False
29,2022-12-13 16:00:00,BULLISH,pullback_check_bullish,,,1.06268,1.06381,1.06206,1.06359,,,,,,,,1.06408,1.04431,,,0.0,0.10217501264541866,False
30,2022-12-13 20:00:00,BULLISH,pullback_check_bullish,,,1.06359,1.06389,1.06197,1.06239,,,,,,,,1.06408,1.04431,,,1.0,0.10672736469397325,False
31,2022-12-14 00:00:00,BULLISH,pullback_check_bullish,,,1.06238,1.06445,1.06187,1.06419,,,,,,,,1.06445,1.04431,,,0.0,0.12810327706056737,False
32,2022-12-14 04:00:00,BULLISH,pullback_check_bullish,,,1.0642,1.06718,1.06383,1.06453,,,,,,,,1.06718,1.04431,,,0.0,0.14648010494096947,False
33,2022-12-14 08:00:00,BULLISH,pullback_check_bullish,,,1.06454,1.06614,1.06314,1.06539,,,,,,,,1.06718,1.04431,,,0.0,0.176650634018367,False
34,2022-12-14 12:00:00,BULLISH,pullback_check_bullish,,,1.06538,1.0695,1.06206,1.0679,,,,,,,,1.0695,1.04431,,,0.0,0.2953552997221097,False
35,2022-12-14 16:00:00,BULLISH,pullback_check_bullish,,,1.06791,1.06871,1.06666,1.06788,,,,,,,,1.0695,1.04431,,,1.0,0.11274315204446105,False
36,2022-12-14 20:00:00,BULLISH,pullback_check_bullish,,,1.06788,1.06799,1.06464,1.06475,,,,,,,,1.0695,1.04431,,,2.0,0.1929337038507304,False
37,2022-12-15 00:00:00,BULLISH,pullback_check_bullish,,,1.06474,1.06606,1.06202,1.06218,,,,,,,,1.0695,1.04431,,,3.0,0.2969432314410474,False
38,2022-12-15 04:00:00,BULLISH,pullback_check_bullish,,,1.06218,1.06279,1.06055,1.06228,,,,,,,,1.0695,1.04431,,,3.0,0.3552997221119434,False
39,2022-12-15 08:00:00,BULLISH,pullback_check_bullish,,,1.06228,1.07361,1.06138,1.06368,,,,,,,,1.07361,1.04431,,,0.0,0.4174061433447103,False
40,2022-12-15 12:00:00,BULLISH,pullback_check_bullish,,,1.06369,1.06383,1.05921,1.06248,,,,,,,,1.07361,1.04431,,,1.0,0.4914675767918098,False
41,2022-12-15 16:00:00,BULLISH,pullback_check_bullish,,,1.06249,1.06431,1.06198,1.06406,,,,,,,,1.07361,1.04431,,,1.0,0.3969283276450538,False
42,2022-12-15 20:00:00,BULLISH,pullback_check_bullish,,,1.06407,1.06624,1.06385,1.06461,,,,,,,,1.07361,1.04431,,,1.0,0.3331058020477826,False
43,2022-12-16 00:00:00,BULLISH,pullback_check_bullish,,,1.06459,1.0663,1.06252,1.06554,,,,,,,,1.07361,1.04431,,,1.0,0.3784982935153614,False
44,2022-12-16 04:00:00,BULLISH,pullback_check_bullish,,,1.06553,1.06572,1.06093,1.06215,,,,,,,,1.07361,1.04431,,,2.0,0.4327645051194565,False
45,2022-12-16 08:00:00,BULLISH,pullback_check_bullish,,,1.06214,1.06487,1.05976,1.06091,,,,,,,,1.07361,1.04431,,,3.0,0.4726962457337875,False
46,2022-12-16 12:00:00,BULLISH,pullback_check_bullish,,,1.0609,1.0619,1.05917,1.05923,,,,,,,,1.07361,1.04431,,,4.0,0.49283276450512176,False
47,2022-12-16 16:00:00,BULLISH,pullback_check_bullish,,,1.05923,1.05961,1.05839,1.05839,,,,,,,,1.07361,1.04431,,,5.0,0.5194539249146782,False
48,2022-12-18 16:00:00,BULLISH,pullback_check_bullish,,,1.05895,1.05996,1.0582,1.05992,,,,,,,,1.07361,1.04431,,,5.0,0.5259385665529005,False
49,2022-12-18 20:00:00,BULLISH,pullback_check_bullish,,,1.05993,1.0613,1.05961,1.06063,,,,,,,,1.07361,1.04431,,,5.0,0.4778156996587054,False
50,2022-12-19 00:00:00,BULLISH,pullback_check_bullish,,,1.06063,1.06479,1.06013,1.06418,,,,,,,,1.07361,1.04431,,,5.0,0.4600682593856652,False
51,2022-12-19 04:00:00,BULLISH,pullback_check_bullish,,,1.06422,1.06578,1.0603,1.0606,,,,,,,,1.07361,1.04431,,,6.0,0.45426621160409514,False
52,2022-12-19 08:00:00,BULLISH,pullback_check_bullish,,,1.06059,1.06285,1.05757,1.06234,,,,,,,,1.07361,1.04431,,,6.0,0.5474402730375467,False
53,2022-12-19 12:00:00,BULLISH,pullback_check_bullish,,,1.06234,1.06309,1.06005,1.06043,,,,,,,,1.07361,1.04431,,,7.0,0.4627986348122891,False
54,2022-12-19 16:00:00,BULLISH,pullback_check_bullish,,,1.06043,1.06127,1.05978,1.06001,,,,,,,,1.07361,1.04431,,,8.0,0.47201365187713534,False
55,2022-12-19 20:00:00,BULLISH,pullback_check_bullish,,,1.06002,1.0652,1.05976,1.06071,,,,,,,,1.07361,1.04431,,,8.0,0.4726962457337875,False
56,2022-12-20 00:00:00,BULLISH,pullback_check_bullish,,,1.06071,1.06343,1.05788,1.06335,,,,,,,,1.07361,1.04431,,,8.0,0.5368600682593886,False
57,2022-12-20 04:00:00,BULLISH,pullback_check_bullish,,,1.06335,1.0646,1.06101,1.06133,,,,,,,,1.07361,1.04431,,,9.0,0.4300341296928326,False
58,2022-12-20 08:00:00,BULLISH,pullback_check_bullish,,,1.06134,1.06584,1.05939,1.06351,,,,,,,,1.07361,1.04431,,,9.0,0.4853242320819098,False
59,2022-12-20 12:00:00,BULLISH,pullback_check_bullish,,,1.06348,1.06376,1.0599,1.06151,,,,,,,,1.07361,1.04431,,,10.0,0.4679180887371995,False
59,2022-12-20 12:00:00,BULLISH,pullback_confirmed,confirmed_by_candle_count (10),10.0,1.06348,1.06376,1.0599,1.06151,1.07361,1.04431,,,,,,,,,,,,
1,2022-12-12 12:00:00,BULLISH,poi_detected,"displacement candle confirmed, base candle not broken",,,,,,,,OB,1.05606,1.05105,,,,,,,,,
2,2022-12-09 04:00:00,BULLISH,poi_detected,"pullback candles met, not tapped yet",,,,,,,,LIQ,,1.04431,,,,,,,,,
