time,open,high,low,close
2023-01-01 17:04:00,1.0697,1.07066,1.06788,1.0704
2023-01-01 20:00:00,1.07041,1.07087,1.06862,1.06993
2023-01-02 00:00:00,1.06994,1.06997,1.06632,1.0679
2023-01-02 04:00:00,1.06791,1.06994,1.06743,1.06822
2023-01-02 08:00:00,1.06822,1.06863,1.0651,1.06545
2023-01-02 12:00:00,1.06545,1.06697,1.06499,1.0663
2023-01-02 16:00:00,1.0663,1.06833,1.06499,1.06704
2023-01-02 20:00:00,1.06703,1.06801,1.06503,1.06672
2023-01-03 00:00:00,1.06673,1.06706,1.05506,1.05517
2023-01-03 04:00:00,1.05518,1.05609,1.05194,1.05355
2023-01-03 08:00:00,1.05354,1.05973,1.05303,1.05579
2023-01-03 12:00:00,1.05579,1.05688,1.05401,1.05514
2023-01-03 16:00:00,1.05514,1.0561,1.05403,1.05579
2023-01-03 20:00:00,1.0558,1.05743,1.05569,1.05727
2023-01-04 00:00:00,1.05726,1.06354,1.05594,1.06157
2023-01-04 04:00:00,1.06157,1.06299,1.05986,1.06071
2023-01-04 08:00:00,1.06072,1.06282,1.0581,1.06187
2023-01-04 12:00:00,1.0619,1.06198,1.0585,1.06032
2023-01-04 16:00:00,1.06035,1.06311,1.05997,1.06289
2023-01-04 20:00:00,1.06291,1.06314,1.06033,1.0604
2023-01-05 00:00:00,1.06041,1.06278,1.05901,1.06199
2023-01-05 04:00:00,1.062,1.06288,1.0598,1.05993
2023-01-05 08:00:00,1.05994,1.06083,1.05148,1.05209
2023-01-05 12:00:00,1.05208,1.0543,1.05184,1.05199
2023-01-05 16:00:00,1.05197,1.05314,1.05155,1.05292
2023-01-05 20:00:00,1.05294,1.05363,1.05224,1.05243
2023-01-06 00:00:00,1.05245,1.05309,1.05069,1.05183
2023-01-06 04:00:00,1.05182,1.05193,1.04832,1.04945
2023-01-06 08:00:00,1.04944,1.06223,1.04823,1.06185
2023-01-06 12:00:00,1.06185,1.0648,1.06163,1.06462
2023-01-06 16:00:00,1.0646,1.0646,1.06413,1.06413
2023-01-08 17:00:00,1.06406,1.06676,1.06381,1.06611
2023-01-08 20:00:00,1.06613,1.06782,1.06551,1.06764
2023-01-09 00:00:00,1.06764,1.06995,1.06679,1.06901
2023-01-09 04:00:00,1.069,1.06936,1.066,1.06886
2023-01-09 08:00:00,1.06886,1.07605,1.06851,1.0758
2023-01-09 12:00:00,1.07579,1.07599,1.07305,1.07309
2023-01-09 16:00:00,1.07309,1.07385,1.07205,1.07273
2023-01-09 20:00:00,1.07273,1.07424,1.07212,1.07306
2023-01-10 00:00:00,1.07304,1.07472,1.07219,1.07382
2023-01-10 04:00:00,1.07383,1.07516,1.07154,1.07191
2023-01-10 08:00:00,1.07191,1.07592,1.07119,1.07362
2023-01-10 12:00:00,1.0736,1.0744,1.07276,1.07358
2023-01-10 16:00:00,1.07359,1.07453,1.07305,1.07449
2023-01-10 20:00:00,1.0745,1.0745,1.07255,1.07384
2023-01-11 00:00:00,1.07383,1.07573,1.07286,1.07295
2023-01-11 04:00:00,1.07294,1.0755,1.07254,1.07403
2023-01-11 08:00:00,1.07403,1.07762,1.07374,1.07387
2023-01-11 12:00:00,1.07388,1.0768,1.07348,1.07537
2023-01-11 16:00:00,1.07537,1.07745,1.07485,1.0761
2023-01-11 20:00:00,1.07611,1.07733,1.07603,1.07715
2023-01-12 00:00:00,1.07715,1.0775,1.07453,1.07479
2023-01-12 04:00:00,1.07479,1.07732,1.07426,1.07625
2023-01-12 08:00:00,1.07628,1.08387,1.07297,1.08222
2023-01-12 12:00:00,1.08223,1.08668,1.0821,1.08522
2023-01-12 16:00:00,1.08524,1.08679,1.08456,1.0852
2023-01-12 20:00:00,1.08521,1.0856,1.08315,1.08398
2023-01-13 00:00:00,1.08396,1.0864,1.08315,1.08551
2023-01-13 04:00:00,1.0855,1.08599,1.08031,1.08117
2023-01-13 08:00:00,1.08119,1.08386,1.07803,1.081
2023-01-13 12:00:00,1.081,1.08356,1.08064,1.08323
2023-01-13 16:00:00,1.08323,1.08343,1.08286,1.08302
2023-01-15 17:00:00,1.08288,1.08441,1.08201,1.08416
2023-01-15 20:00:00,1.08414,1.08741,1.08405,1.08526
2023-01-16 00:00:00,1.08527,1.08609,1.08022,1.08032
2023-01-16 04:00:00,1.08031,1.08364,1.08013,1.0815
2023-01-16 08:00:00,1.08149,1.0829,1.08058,1.08246
2023-01-16 12:00:00,1.08244,1.08264,1.08107,1.08203
2023-01-16 16:00:00,1.08203,1.08336,1.08165,1.08284
2023-01-16 20:00:00,1.08285,1.08327,1.08061,1.0826
2023-01-17 00:00:00,1.08258,1.08385,1.08118,1.08272
2023-01-17 04:00:00,1.08271,1.08576,1.08088,1.08525
2023-01-17 08:00:00,1.08523,1.08693,1.0786,1.07926
2023-01-17 12:00:00,1.07926,1.08035,1.07744,1.07934
2023-01-17 16:00:00,1.07934,1.07936,1.07823,1.07842
2023-01-17 20:00:00,1.07843,1.07992,1.07661,1.07742
2023-01-18 00:00:00,1.07743,1.08512,1.07679,1.0843
2023-01-18 04:00:00,1.0843,1.08714,1.08115,1.0824
2023-01-18 08:00:00,1.08237,1.08873,1.08134,1.08265
2023-01-18 12:00:00,1.08268,1.08277,1.07866,1.07889
2023-01-18 16:00:00,1.0789,1.07982,1.07861,1.07872
2023-01-18 20:00:00,1.07872,1.08054,1.07821,1.07956
2023-01-19 00:00:00,1.07958,1.08247,1.07825,1.08166
2023-01-19 04:00:00,1.08167,1.0838,1.08049,1.08088
2023-01-19 08:00:00,1.08089,1.0825,1.07837,1.08089
2023-01-19 12:00:00,1.08089,1.08398,1.08085,1.08289
2023-01-19 16:00:00,1.0829,1.08401,1.08265,1.08312
2023-01-19 20:00:00,1.08313,1.0844,1.08278,1.08294
2023-01-20 00:00:00,1.08293,1.08587,1.08207,1.08402
2023-01-20 04:00:00,1.08402,1.08516,1.08139,1.08182
2023-01-20 08:00:00,1.08182,1.08477,1.08022,1.08303
2023-01-20 12:00:00,1.08303,1.08582,1.08293,1.08562
2023-01-20 16:00:00,1.08563,1.0858,1.08544,1.08549
2023-01-22 17:00:00,1.08678,1.0887,1.08611,1.08848
2023-01-22 20:00:00,1.08846,1.09029,1.08804,1.08946
2023-01-23 00:00:00,1.08945,1.09267,1.08871,1.08997
2023-01-23 04:00:00,1.08996,1.09203,1.08666,1.08708
2023-01-23 08:00:00,1.08711,1.08776,1.08461,1.08638
2023-01-23 12:00:00,1.08638,1.08728,1.08474,1.08679
2023-01-23 16:00:00,1.08677,1.08759,1.0865,1.08735
2023-01-23 20:00:00,1.08735,1.08828,1.08692,1.08761
2023-01-24 00:00:00,1.08763,1.08978,1.08663,1.08748
2023-01-24 04:00:00,1.08746,1.08829,1.08517,1.08594
2023-01-24 08:00:00,1.08595,1.08831,1.08349,1.08714
2023-01-24 12:00:00,1.08715,1.08887,1.08699,1.08814
2023-01-24 16:00:00,1.08813,1.08903,1.08805,1.0887
2023-01-24 20:00:00,1.0887,1.09028,1.08837,1.08986
2023-01-25 00:00:00,1.08986,1.0911,1.08677,1.08768
2023-01-25 04:00:00,1.08771,1.08918,1.08571,1.08746
2023-01-25 08:00:00,1.08736,1.09236,1.08643,1.09001
2023-01-25 12:00:00,1.09001,1.0918,1.08938,1.09142
2023-01-25 16:00:00,1.09142,1.09246,1.09113,1.09155
2023-01-25 20:00:00,1.09156,1.09215,1.09069,1.09143
2023-01-26 00:00:00,1.09142,1.09293,1.09055,1.09089
2023-01-26 04:00:00,1.09089,1.09099,1.08866,1.08926
2023-01-26 08:00:00,1.08925,1.09173,1.08505,1.08646
2023-01-26 12:00:00,1.08647,1.08923,1.08578,1.08921
2023-01-26 16:00:00,1.08919,1.09001,1.08868,1.08964
2023-01-26 20:00:00,1.08963,1.08992,1.08658,1.08661
2023-01-27 00:00:00,1.08662,1.08916,1.08654,1.08902
2023-01-27 04:00:00,1.08901,1.08953,1.08661,1.08667
2023-01-27 08:00:00,1.08666,1.0879,1.08377,1.08562
2023-01-27 12:00:00,1.08563,1.08728,1.08524,1.08652
2023-01-27 16:00:00,1.08651,1.08697,1.08648,1.08649
2023-01-29 17:00:00,1.08643,1.08753,1.08595,1.08746
2023-01-29 20:00:00,1.08746,1.08792,1.0861,1.08761
2023-01-30 00:00:00,1.0876,1.08894,1.08528,1.08811
2023-01-30 04:00:00,1.08812,1.09137,1.08762,1.09036
2023-01-30 08:00:00,1.09036,1.0911,1.08605,1.08657
2023-01-30 12:00:00,1.08656,1.08667,1.08389,1.08457
2023-01-30 16:00:00,1.08457,1.08571,1.08456,1.08537
2023-01-30 20:00:00,1.08538,1.08599,1.08393,1.0846
2023-01-31 00:00:00,1.0846,1.08496,1.08024,1.08032
2023-01-31 04:00:00,1.08034,1.08386,1.08019,1.08259
2023-01-31 08:00:00,1.0826,1.08675,1.0826,1.08568
2023-01-31 12:00:00,1.08568,1.08747,1.08504,1.08718
2023-01-31 16:00:00,1.08718,1.08724,1.08583,1.08622
2023-01-31 20:00:00,1.08622,1.08687,1.0852,1.08656
2023-02-01 00:00:00,1.08655,1.08884,1.08653,1.08872
2023-02-01 04:00:00,1.08872,1.08977,1.08783,1.08913
2023-02-01 08:00:00,1.08915,1.09247,1.08881,1.09163
2023-02-01 12:00:00,1.09164,1.10009,1.08885,1.09879
2023-02-01 16:00:00,1.09879,1.10327,1.09831,1.10185
2023-02-01 20:00:00,1.10186,1.10253,1.1006,1.10195
2023-02-02 00:00:00,1.10197,1.10246,1.09913,1.10049
2023-02-02 04:00:00,1.1005,1.10061,1.09803,1.09839
2023-02-02 08:00:00,1.0984,1.10038,1.08851,1.09169
2023-02-02 12:00:00,1.09168,1.09267,1.0905,1.09137
2023-02-02 16:00:00,1.09136,1.09161,1.08921,1.08972
2023-02-02 20:00:00,1.08971,1.08994,1.0887,1.08931
2023-02-03 00:00:00,1.08931,1.09071,1.08818,1.09033
2023-02-03 04:00:00,1.09035,1.09368,1.08934,1.09325
2023-02-03 08:00:00,1.09325,1.09399,1.08092,1.0825
2023-02-03 12:00:00,1.08248,1.08366,1.07929,1.07931
2023-02-03 16:00:00,1.07935,1.08006,1.07924,1.07929
2023-02-05 17:00:00,1.0782,1.07981,1.07813,1.07885
2023-02-05 20:00:00,1.07886,1.07987,1.0782,1.07962
2023-02-06 00:00:00,1.07961,1.07979,1.07747,1.07852
2023-02-06 04:00:00,1.07852,1.07881,1.07565,1.0773
2023-02-06 08:00:00,1.0773,1.07776,1.07173,1.0721
2023-02-06 12:00:00,1.07209,1.07371,1.07092,1.07296
2023-02-06 16:00:00,1.07295,1.07361,1.07231,1.0736
2023-02-06 20:00:00,1.0736,1.07425,1.07284,1.07326
2023-02-07 00:00:00,1.07327,1.07436,1.06968,1.07188
2023-02-07 04:00:00,1.07187,1.07347,1.0698,1.07051
2023-02-07 08:00:00,1.07051,1.07119,1.0669,1.07046
2023-02-07 12:00:00,1.07045,1.07664,1.06872,1.07249
2023-02-07 16:00:00,1.07248,1.07339,1.07214,1.0732
2023-02-07 20:00:00,1.0732,1.07349,1.0723,1.07334
2023-02-08 00:00:00,1.07333,1.07596,1.07238,1.0752
2023-02-08 04:00:00,1.07521,1.07607,1.07327,1.07336
2023-02-08 08:00:00,1.07337,1.07432,1.07137,1.07334
2023-02-08 12:00:00,1.07333,1.074,1.07092,1.07136
2023-02-08 16:00:00,1.07136,1.07189,1.07096,1.07158
2023-02-08 20:00:00,1.07158,1.07326,1.07093,1.07319
2023-02-09 00:00:00,1.07319,1.07592,1.07239,1.07527
2023-02-09 04:00:00,1.07528,1.07783,1.07508,1.07691
2023-02-09 08:00:00,1.07691,1.07907,1.07441,1.07606
2023-02-09 12:00:00,1.07603,1.07613,1.07312,1.07334
2023-02-09 16:00:00,1.07334,1.07412,1.07254,1.07345
2023-02-09 20:00:00,1.07344,1.07386,1.07171,1.07183
2023-02-10 00:00:00,1.07182,1.07525,1.0718,1.0742
2023-02-10 04:00:00,1.07419,1.07447,1.06811,1.06831
2023-02-10 08:00:00,1.0683,1.07067,1.06679,1.06686
2023-02-10 12:00:00,1.06685,1.06807,1.06661,1.06788
2023-02-10 16:00:00,1.06789,1.06799,1.06753,1.06754
2023-02-12 17:00:00,1.06808,1.06821,1.06677,1.06724
2023-02-12 20:00:00,1.06724,1.06748,1.06553,1.06671
2023-02-13 00:00:00,1.06671,1.06897,1.06628,1.06742
2023-02-13 04:00:00,1.06741,1.06965,1.0663,1.06905
2023-02-13 08:00:00,1.06904,1.07272,1.0676,1.07168
2023-02-13 12:00:00,1.07167,1.07297,1.07115,1.07225
2023-02-13 16:00:00,1.07225,1.07367,1.07206,1.07332
2023-02-13 20:00:00,1.07334,1.07398,1.07253,1.07379
2023-02-14 00:00:00,1.07378,1.07499,1.07286,1.07486
2023-02-14 04:00:00,1.07485,1.07677,1.07445,1.07579
2023-02-14 08:00:00,1.07578,1.08044,1.07066,1.07211
2023-02-14 12:00:00,1.07212,1.07454,1.0719,1.07377
2023-02-14 16:00:00,1.07377,1.07399,1.07326,1.07378
2023-02-14 20:00:00,1.07379,1.07443,1.07142,1.07182
2023-02-15 00:00:00,1.0718,1.07284,1.06997,1.07242
2023-02-15 04:00:00,1.07242,1.07327,1.06966,1.06974
2023-02-15 08:00:00,1.06973,1.07058,1.06649,1.0682
2023-02-15 12:00:00,1.0682,1.06901,1.06604,1.069
2023-02-15 16:00:00,1.06899,1.06953,1.06843,1.06891
2023-02-15 20:00:00,1.0689,1.07147,1.06867,1.0707
2023-02-16 00:00:00,1.0707,1.07222,1.0696,1.07066
2023-02-16 04:00:00,1.07065,1.07126,1.06888,1.06936
2023-02-16 08:00:00,1.06937,1.07086,1.06544,1.06829
2023-02-16 12:00:00,1.06829,1.06973,1.06691,1.06736
2023-02-16 16:00:00,1.06735,1.06755,1.06551,1.06599
2023-02-16 20:00:00,1.06601,1.06654,1.06326,1.06381
2023-02-17 00:00:00,1.06381,1.06468,1.06292,1.06436
2023-02-17 04:00:00,1.06436,1.06611,1.06126,1.06198
2023-02-17 08:00:00,1.06199,1.06819,1.06199,1.06769
2023-02-17 12:00:00,1.06768,1.06982,1.06767,1.06944
2023-02-17 16:00:00,1.06945,1.06976,1.06925,1.06929
2023-02-19 17:00:00,1.06849,1.06933,1.06728,1.06788
2023-02-19 20:00:00,1.06788,1.06912,1.06733,1.06864
2023-02-20 00:00:00,1.06865,1.07044,1.06836,1.06925
2023-02-20 04:00:00,1.06926,1.06991,1.06704,1.06712
2023-02-20 09:00:00,1.06803,1.06913,1.06781,1.06882
2023-02-20 13:00:00,1.06854,1.06873,1.06832,1.06844
2023-02-20 17:00:00,1.06839,1.06874,1.06769,1.0677
2023-02-20 20:00:00,1.06769,1.06777,1.0662,1.06683
2023-02-21 00:00:00,1.06682,1.06883,1.06594,1.06603
2023-02-21 04:00:00,1.06603,1.0675,1.06425,1.06571
2023-02-21 08:00:00,1.06598,1.0698,1.06456,1.0685
2023-02-21 12:00:00,1.06561,1.06626,1.06397,1.06484
2023-02-21 16:00:00,1.06455,1.06583,1.0643,1.06576
2023-02-21 20:00:00,1.06576,1.06638,1.06535,1.06585
2023-02-22 00:00:00,1.06584,1.06632,1.06426,1.06452
2023-02-22 04:00:00,1.06454,1.06504,1.06245,1.063
2023-02-22 08:00:00,1.06477,1.06573,1.06249,1.06267
2023-02-22 13:00:00,1.0628,1.06359,1.05989,1.06026
2023-02-22 17:00:00,1.06031,1.0612,1.06012,1.06117
2023-02-22 20:00:00,1.06116,1.06247,1.06107,1.06243
2023-02-23 00:00:00,1.06242,1.06275,1.06029,1.06057
2023-02-23 04:00:00,1.06059,1.0619,1.0587,1.06137
2023-02-23 09:00:00,1.06075,1.06164,1.0579,1.05822
2023-02-23 13:00:00,1.05852,1.06032,1.05807,1.0603
2023-02-23 17:00:00,1.05934,1.06071,1.05927,1.06071
2023-02-23 20:00:00,1.06069,1.06141,1.05932,1.05998
2023-02-24 00:00:00,1.05997,1.06021,1.05797,1.05887
2023-02-24 04:00:00,1.05886,1.05959,1.05641,1.05661
2023-02-24 09:00:00,1.05535,1.05605,1.05359,1.05434
2023-02-24 13:00:00,1.05469,1.05555,1.05439,1.05469
2023-02-26 17:00:00,1.05451,1.05556,1.05439,1.05544
2023-02-26 20:00:00,1.05545,1.05598,1.054,1.05488
2023-02-27 00:00:00,1.05487,1.05611,1.05328,1.05523
2023-02-27 04:00:00,1.05522,1.05677,1.05485,1.05582
2023-02-27 09:00:00,1.05827,1.06041,1.05759,1.0595
2023-02-27 13:00:00,1.06011,1.06095,1.05986,1.0608
2023-02-27 17:00:00,1.06088,1.06148,1.06014,1.06096
2023-02-27 20:00:00,1.06095,1.06101,1.05855,1.059
2023-02-28 00:00:00,1.05899,1.06198,1.05817,1.06157
2023-02-28 04:00:00,1.06159,1.0626,1.06036,1.06173
2023-02-28 09:00:00,1.0631,1.06406,1.06,1.06005
2023-02-28 13:00:00,1.06052,1.06065,1.05762,1.05763
2023-02-28 17:00:00,1.05727,1.0579,1.05651,1.05682
2023-02-28 20:00:00,1.05683,1.05955,1.05672,1.0589
2023-03-01 00:00:00,1.05889,1.06486,1.05888,1.06482
2023-03-01 04:00:00,1.06482,1.06739,1.06376,1.06695
2023-03-01 08:00:00,1.06865,1.06913,1.06434,1.06721
2023-03-01 12:00:00,1.0673,1.06779,1.06463,1.0657
2023-03-01 16:00:00,1.06647,1.06726,1.06582,1.06601
2023-03-01 20:00:00,1.06603,1.06618,1.06444,1.06479
2023-03-02 00:00:00,1.06478,1.06485,1.06259,1.06383
2023-03-02 04:00:00,1.06382,1.06429,1.06129,1.06138
2023-03-02 08:00:00,1.06057,1.06145,1.05819,1.06086
2023-03-02 12:00:00,1.05939,1.05948,1.05764,1.05927
2023-03-02 16:00:00,1.06002,1.06115,1.05946,1.06105
2023-03-02 20:00:00,1.06105,1.06148,1.06017,1.06085
2023-03-03 00:00:00,1.06085,1.0629,1.0608,1.06208
2023-03-03 04:00:00,1.06208,1.06231,1.06003,1.06123
2023-03-03 09:00:00,1.06223,1.06294,1.05924,1.06159
2023-03-03 13:00:00,1.06245,1.06384,1.06198,1.0635
2023-03-05 18:00:00,1.06266,1.06364,1.06232,1.06266
2023-03-05 20:00:00,1.06269,1.06498,1.0624,1.06426
2023-03-06 00:00:00,1.06428,1.06572,1.0637,1.06415
2023-03-06 04:00:00,1.06417,1.06475,1.06219,1.06415
2023-03-06 10:00:00,1.06686,1.06894,1.06612,1.06785
2023-03-06 12:00:00,1.06933,1.06942,1.06682,1.06754
2023-03-06 16:00:00,1.0677,1.06868,1.06757,1.06789
2023-03-06 20:00:00,1.06791,1.06931,1.06763,1.06903
2023-03-07 00:00:00,1.06902,1.06943,1.06697,1.06735
2023-03-07 04:00:00,1.06735,1.06735,1.06542,1.06607
2023-03-07 08:00:00,1.06693,1.06719,1.06401,1.06477
2023-03-07 12:00:00,1.05725,1.0588,1.0552,1.05558
2023-03-07 16:00:00,1.05505,1.05534,1.05419,1.05502
2023-03-07 20:00:00,1.05501,1.05504,1.05274,1.05349
2023-03-08 00:00:00,1.05348,1.05479,1.05241,1.05365
2023-03-08 04:00:00,1.05365,1.05484,1.0534,1.05377
2023-03-08 08:00:00,1.05466,1.05614,1.05367,1.0556
2023-03-08 12:00:00,1.05474,1.05519,1.05412,1.05456
2023-03-08 16:00:00,1.05472,1.05532,1.05415,1.05466
2023-03-08 20:00:00,1.05466,1.05532,1.05378,1.05517
2023-03-09 00:00:00,1.05516,1.05631,1.0548,1.05571
2023-03-09 04:00:00,1.05572,1.05812,1.05502,1.05709
2023-03-09 08:00:00,1.05591,1.05862,1.05524,1.05756
2023-03-09 13:00:00,1.05771,1.059,1.05728,1.05895
2023-03-09 16:00:00,1.0579,1.05993,1.0575,1.05986
2023-03-09 20:00:00,1.05985,1.05991,1.05791,1.05945
2023-03-10 00:00:00,1.05944,1.06066,1.05738,1.05914
2023-03-10 04:00:00,1.05913,1.06036,1.05778,1.05941
2023-03-10 09:00:00,1.06215,1.06873,1.06119,1.06585
2023-03-10 13:00:00,1.06683,1.06726,1.06364,1.06368
2023-03-12 16:00:00,1.06808,1.06979,1.0674,1.06815
2023-03-12 20:00:00,1.06814,1.07369,1.06637,1.07176
2023-03-13 00:00:00,1.07176,1.07372,1.07038,1.07073
2023-03-13 04:00:00,1.07073,1.07073,1.065,1.06963
2023-03-13 10:00:00,1.07224,1.07423,1.07114,1.07394
2023-03-13 14:00:00,1.07338,1.07346,1.07208,1.07305
2023-03-13 18:00:00,1.07268,1.07291,1.07115,1.07189
2023-03-13 20:00:00,1.07189,1.07211,1.06979,1.07025
2023-03-14 00:00:00,1.07024,1.07153,1.06787,1.07061
2023-03-14 04:00:00,1.0706,1.07486,1.06911,1.07354
2023-03-14 08:00:00,1.07354,1.07433,1.06979,1.07171
2023-03-14 14:00:00,1.07416,1.07431,1.07337,1.07414
2023-03-14 16:00:00,1.0732,1.07368,1.0725,1.07336
2023-03-14 20:00:00,1.07337,1.07597,1.07312,1.07447
2023-03-15 00:00:00,1.07447,1.07462,1.07266,1.07314
2023-03-15 04:00:00,1.07314,1.07327,1.06196,1.06269
2023-03-15 08:00:00,1.05562,1.05583,1.05158,1.05338
2023-03-15 12:00:00,1.0542,1.05923,1.05419,1.05801
2023-03-15 16:00:00,1.0577,1.05982,1.05729,1.05895
2023-03-15 20:00:00,1.05895,1.06032,1.05861,1.06027
2023-03-16 00:00:00,1.06025,1.06353,1.05927,1.06122
2023-03-16 04:00:00,1.06122,1.06207,1.05758,1.05878
2023-03-16 09:00:00,1.06069,1.06251,1.05728,1.06185
2023-03-16 12:00:00,1.06186,1.06206,1.05915,1.06099
2023-03-16 17:00:00,1.06122,1.06202,1.06101,1.06182
2023-03-16 20:00:00,1.06181,1.06491,1.06142,1.0649
2023-03-17 00:00:00,1.06491,1.06699,1.06442,1.06521
2023-03-17 04:00:00,1.06524,1.06598,1.06122,1.0626
2023-03-17 09:00:00,1.06258,1.06756,1.06248,1.06672
2023-03-17 13:00:00,1.06729,1.06852,1.06584,1.06647
2023-03-19 17:00:00,1.06821,1.06885,1.06661,1.06808
2023-03-19 20:00:00,1.06808,1.06898,1.06646,1.06697
2023-03-20 00:00:00,1.06695,1.0681,1.06311,1.0661
2023-03-20 04:00:00,1.0661,1.07176,1.06496,1.0705
2023-03-20 09:00:00,1.07237,1.07295,1.07067,1.07251
2023-03-20 13:00:00,1.07161,1.07256,1.0714,1.072
2023-03-20 17:00:00,1.07198,1.0726,1.07151,1.07175
2023-03-20 20:00:00,1.07175,1.07223,1.07096,1.07121
2023-03-21 00:00:00,1.07121,1.07387,1.07038,1.07298
2023-03-21 04:00:00,1.07297,1.07825,1.07246,1.0781
2023-03-21 09:00:00,1.07768,1.07799,1.07607,1.07674
2023-03-21 13:00:00,1.07643,1.07719,1.07561,1.0767
2023-03-21 17:00:00,1.07674,1.07759,1.07658,1.07678
2023-03-21 20:00:00,1.07679,1.07767,1.07652,1.07686
2023-03-22 00:00:00,1.07688,1.07828,1.0759,1.078
2023-03-22 04:00:00,1.07801,1.0798,1.07755,1.07972
2023-03-22 08:00:00,1.07818,1.07957,1.07757,1.07912
2023-03-22 12:00:00,1.07988,1.08925,1.07897,1.08653
2023-03-22 16:00:00,1.08535,1.08835,1.08531,1.08834
2023-03-22 20:00:00,1.08832,1.09056,1.08789,1.09035
2023-03-23 00:00:00,1.09036,1.09296,1.0891,1.08996
2023-03-23 04:00:00,1.08996,1.09036,1.08696,1.08759
2023-03-23 08:00:00,1.08731,1.09079,1.08729,1.08898
2023-03-23 12:00:00,1.08955,1.08955,1.0824,1.08397
2023-03-23 18:00:00,1.08316,1.08356,1.08245,1.08325
2023-03-23 20:00:00,1.08325,1.08351,1.08171,1.08341
2023-03-24 00:00:00,1.08341,1.0837,1.07679,1.07797
2023-03-24 04:00:00,1.07799,1.07907,1.07131,1.07491
2023-03-24 10:00:00,1.07498,1.07638,1.07415,1.07611
2023-03-24 12:00:00,1.0757,1.07675,1.07553,1.07589
2023-03-26 17:00:00,1.07752,1.07798,1.07648,1.07774
2023-03-26 20:00:00,1.07775,1.07775,1.07575,1.07715
2023-03-27 00:00:00,1.07715,1.07821,1.07449,1.07515
2023-03-27 04:00:00,1.07511,1.07726,1.07504,1.07677
2023-03-27 09:00:00,1.07731,1.07948,1.07701,1.07815
2023-03-27 12:00:00,1.07876,1.07965,1.07864,1.07957
2023-03-27 17:00:00,1.07977,1.08076,1.07948,1.08062
2023-03-27 20:00:00,1.08061,1.08194,1.08033,1.0815
2023-03-28 00:00:00,1.08151,1.08339,1.0806,1.08204
2023-03-28 04:00:00,1.08202,1.08365,1.08103,1.08312
2023-03-28 09:00:00,1.08392,1.08459,1.08222,1.08427
2023-03-28 13:00:00,1.0842,1.08485,1.08365,1.08476
2023-03-28 17:00:00,1.08438,1.08444,1.08364,1.08388
2023-03-28 20:00:00,1.0839,1.08494,1.08346,1.08364
2023-03-29 00:00:00,1.08364,1.08438,1.08177,1.08368
2023-03-29 04:00:00,1.08368,1.08713,1.08265,1.08551
2023-03-29 09:00:00,1.08536,1.08583,1.08246,1.08249
2023-03-29 13:00:00,1.08277,1.08481,1.08257,1.08393
2023-03-29 17:00:00,1.0843,1.08458,1.08399,1.08425
2023-03-29 20:00:00,1.08424,1.08434,1.08263,1.08329
2023-03-30 00:00:00,1.0833,1.08577,1.08235,1.08547
2023-03-30 04:00:00,1.08547,1.08812,1.08505,1.08787
2023-03-30 09:00:00,1.09101,1.09262,1.08944,1.08979
2023-03-30 13:00:00,1.09048,1.09077,1.0892,1.09068
2023-03-30 17:00:00,1.09053,1.09061,1.09018,1.09041
2023-03-30 20:00:00,1.0904,1.09257,1.09012,1.09068
2023-03-31 00:00:00,1.09067,1.09107,1.088,1.08845
2023-03-31 04:00:00,1.08846,1.08959,1.08675,1.0869
2023-03-31 08:00:00,1.08672,1.09018,1.08574,1.08668
2023-03-31 12:00:00,1.08718,1.08723,1.08518,1.08554
2023-03-31 16:00:00,1.08457,1.0846,1.08368,1.08386
2023-04-02 17:00:00,1.08398,1.0844,1.08011,1.08023
2023-04-02 20:00:00,1.08024,1.08167,1.07882,1.07899
2023-04-03 00:00:00,1.079,1.08418,1.07891,1.0839
2023-04-03 04:00:00,1.08389,1.08777,1.08299,1.08765
2023-04-03 11:00:00,1.08871,1.08939,1.08784,1.08903
2023-04-03 12:00:00,1.08902,1.09074,1.08839,1.09062
2023-04-03 16:00:00,1.09061,1.09095,1.09,1.09066
2023-04-03 20:00:00,1.09067,1.09097,1.08884,1.08885
2023-04-04 00:00:00,1.08886,1.0938,1.08828,1.0925
2023-04-04 04:00:00,1.0925,1.09359,1.09136,1.09207
2023-04-04 08:00:00,1.08974,1.09701,1.08867,1.09506
2023-04-04 12:00:00,1.09506,1.09538,1.09432,1.09532
2023-04-04 16:00:00,1.09572,1.09597,1.09522,1.09573
2023-04-04 20:00:00,1.09576,1.09695,1.09553,1.09596
2023-04-05 00:00:00,1.09596,1.09673,1.09466,1.09501
2023-04-05 04:00:00,1.09502,1.09603,1.09408,1.09457
2023-04-05 09:00:00,1.09578,1.09668,1.09027,1.09101
2023-04-05 12:00:00,1.09173,1.09197,1.08962,1.09088
2023-04-05 16:00:00,1.09035,1.09103,1.09011,1.09029
2023-04-05 20:00:00,1.09029,1.09043,1.08845,1.08918
2023-04-06 00:00:00,1.08918,1.0917,1.08896,1.09066
2023-04-06 04:00:00,1.09065,1.09167,1.08923,1.09151
2023-04-06 08:00:00,1.0915,1.09283,1.08858,1.09259
2023-04-06 12:00:00,1.09258,1.09375,1.09213,1.09229
2023-04-06 16:00:00,1.09229,1.09233,1.09156,1.09194
2023-04-09 17:04:00,1.0898,1.09134,1.0898,1.09129
2023-04-09 20:00:00,1.09132,1.09145,1.08968,1.08991
2023-04-10 00:00:00,1.08992,1.09169,1.08908,1.09166
2023-04-10 04:00:00,1.09167,1.09171,1.08864,1.08888
2023-04-10 08:00:00,1.08887,1.08914,1.08373,1.08391
2023-04-10 12:00:00,1.08391,1.08629,1.0838,1.08629
2023-04-10 17:00:00,1.08597,1.08657,1.08581,1.08648
2023-04-10 20:00:00,1.08687,1.08877,1.0867,1.08815
2023-04-11 00:00:00,1.08814,1.09044,1.08808,1.08954
2023-04-11 04:00:00,1.08953,1.09266,1.08944,1.09226
2023-04-11 08:00:00,1.0905,1.09279,1.09022,1.09111
2023-04-11 13:00:00,1.08988,1.09117,1.0896,1.09074
2023-04-11 16:00:00,1.0914,1.09176,1.09112,1.09167
2023-04-11 20:00:00,1.09163,1.09287,1.09147,1.09241
2023-04-12 00:00:00,1.0924,1.09373,1.09159,1.09266
2023-04-12 04:00:00,1.09265,1.09359,1.0918,1.09245
2023-04-12 08:00:00,1.09225,1.09898,1.09196,1.09865
2023-04-12 13:00:00,1.09959,1.09988,1.09865,1.09883
2023-04-12 16:00:00,1.09884,1.0995,1.09866,1.0995
2023-04-12 20:00:00,1.09967,1.10049,1.09836,1.09883
2023-04-13 00:00:00,1.09882,1.10006,1.09767,1.09991
2023-04-13 04:00:00,1.09991,1.10316,1.09991,1.10099
2023-04-13 09:00:00,1.10489,1.10676,1.10432,1.10529
2023-04-13 13:00:00,1.10557,1.10596,1.10443,1.10464
2023-04-13 17:00:00,1.10461,1.10516,1.10451,1.10516
2023-04-13 20:00:00,1.10517,1.10751,1.10488,1.10703
2023-04-14 00:00:00,1.10702,1.10758,1.10593,1.10653
2023-04-14 04:00:00,1.10653,1.10666,1.10539,1.10586
2023-04-14 09:00:00,1.10344,1.10363,1.09962,1.10061
2023-04-14 13:00:00,1.09775,1.09989,1.09752,1.09988
2023-04-14 16:00:00,1.09964,1.09977,1.0992,1.09922
2023-04-16 17:00:00,1.09888,1.09942,1.09832,1.09843
2023-04-16 20:00:00,1.09844,1.09914,1.09615,1.09762
2023-04-17 00:00:00,1.09761,1.09997,1.09756,1.09919
2023-04-17 05:00:00,1.09644,1.09847,1.09644,1.09767
2023-04-17 09:00:00,1.09536,1.09569,1.09121,1.09139
2023-04-17 13:00:00,1.09116,1.09311,1.09116,1.09307
2023-04-17 17:00:00,1.09268,1.09268,1.09236,1.09244
2023-04-17 20:00:00,1.09245,1.0939,1.09222,1.09357
2023-04-18 00:00:00,1.09356,1.09707,1.09337,1.09702
2023-04-18 04:00:00,1.09702,1.09828,1.09665,1.09771
2023-04-18 08:00:00,1.09662,1.09781,1.09532,1.09622
2023-04-18 12:00:00,1.09573,1.09743,1.09547,1.09711
2023-04-18 16:00:00,1.09707,1.09753,1.097,1.09737
2023-04-18 20:00:00,1.09749,1.0984,1.09649,1.09742
2023-04-19 00:00:00,1.09742,1.09745,1.09463,1.09625
2023-04-19 04:00:00,1.09626,1.09631,1.0926,1.09337
2023-04-19 09:00:00,1.09496,1.09793,1.09473,1.09571
2023-04-19 13:00:00,1.09658,1.09667,1.09517,1.09526
2023-04-19 16:00:00,1.09548,1.0957,1.0947,1.09516
2023-04-19 20:00:00,1.09517,1.09616,1.09494,1.09594
2023-04-20 00:00:00,1.09593,1.0973,1.09498,1.09612
2023-04-20 04:00:00,1.09612,1.09783,1.09536,1.09547
2023-04-20 08:00:00,1.09546,1.09849,1.09334,1.09694
2023-04-20 13:00:00,1.09673,1.09725,1.09587,1.09649
2023-04-20 16:00:00,1.09634,1.09708,1.09632,1.09676
2023-04-20 20:00:00,1.09676,1.09731,1.09618,1.09639
2023-04-21 00:00:00,1.09639,1.09639,1.0938,1.09561
2023-04-21 04:00:00,1.09561,1.09719,1.0949,1.0965
2023-04-21 09:00:00,1.0988,1.09936,1.09531,1.09719
2023-04-21 13:00:00,1.09787,1.09878,1.0972,1.09765
2023-04-21 16:00:00,1.09901,1.09929,1.09851,1.09874
2023-04-23 18:00:00,1.09866,1.0993,1.09864,1.09922
2023-04-23 20:00:00,1.09916,1.0995,1.09798,1.09815
2023-04-24 00:00:00,1.09813,1.09881,1.09658,1.09868
2023-04-24 04:00:00,1.09869,1.10204,1.09839,1.10023
2023-04-24 09:00:00,1.10227,1.10321,1.10128,1.10258
2023-04-24 13:00:00,1.10338,1.10483,1.10334,1.10431
2023-04-24 17:00:00,1.10447,1.1057,1.10429,1.1057
2023-04-24 20:00:00,1.10573,1.1067,1.10514,1.10527
2023-04-25 00:00:00,1.10528,1.10588,1.10245,1.10326
2023-04-25 04:00:00,1.10326,1.10439,1.10094,1.10167
2023-04-25 09:00:00,1.10172,1.10188,1.09685,1.09685
2023-04-25 13:00:00,1.09681,1.09759,1.09641,1.09698
2023-04-25 17:00:00,1.09708,1.09804,1.09668,1.09779
2023-04-25 20:00:00,1.09778,1.09799,1.09683,1.09751
2023-04-26 00:00:00,1.0975,1.10258,1.0972,1.10192
2023-04-26 04:00:00,1.10191,1.10626,1.10159,1.1045
2023-04-26 08:00:00,1.1046,1.10858,1.10355,1.10433
2023-04-26 12:00:00,1.10509,1.10528,1.10323,1.1039
2023-04-26 16:00:00,1.10356,1.10443,1.1035,1.10396
2023-04-26 20:00:00,1.1045,1.1054,1.10389,1.10456
2023-04-27 00:00:00,1.10456,1.10634,1.10398,1.10495
2023-04-27 04:00:00,1.10496,1.10593,1.10306,1.10344
2023-04-27 09:00:00,1.10131,1.10268,1.0992,1.10154
2023-04-27 13:00:00,1.10085,1.10273,1.10055,1.10269
2023-04-27 16:00:00,1.10241,1.10338,1.10233,1.10315
2023-04-27 20:00:00,1.10315,1.10394,1.10125,1.10194
2023-04-28 00:00:00,1.10193,1.10363,1.09938,1.10085
2023-04-28 04:00:00,1.10085,1.10094,1.09723,1.09737
2023-04-28 09:00:00,1.09844,1.10449,1.09826,1.10394
2023-04-28 13:00:00,1.10307,1.10309,1.10119,1.10193
2023-04-30 18:00:00,1.10191,1.1022,1.10106,1.10112
2023-04-30 20:00:00,1.10106,1.10143,1.10007,1.1014
2023-05-01 00:00:00,1.10143,1.10143,1.09947,1.10033
2023-05-01 04:00:00,1.10033,1.10095,1.09882,1.10088
2023-05-01 09:00:00,1.10328,1.10355,1.09778,1.09815
2023-05-01 13:00:00,1.09674,1.09756,1.09653,1.09694
2023-05-01 17:00:00,1.09741,1.0976,1.09721,1.09739
2023-05-01 20:00:00,1.09687,1.09943,1.09685,1.09839
2023-05-02 00:00:00,1.0984,1.10066,1.0979,1.09855
2023-05-02 04:00:00,1.09855,1.09865,1.09492,1.09676
2023-05-02 09:00:00,1.09552,1.09975,1.09422,1.09965
2023-05-02 13:00:00,1.09998,1.10078,1.09946,1.10057
2023-05-02 17:00:00,1.09989,1.10137,1.09989,1.10107
2023-05-02 20:00:00,1.1011,1.10297,1.10048,1.10294
2023-05-03 00:00:00,1.10294,1.10411,1.10142,1.10343
2023-05-03 04:00:00,1.10344,1.10468,1.10296,1.10328
2023-05-03 08:00:00,1.10396,1.10593,1.1022,1.10527
2023-05-03 12:00:00,1.10478,1.10916,1.10371,1.10599
2023-05-03 16:00:00,1.10544,1.1078,1.10515,1.10679
2023-05-03 20:00:00,1.10686,1.10875,1.10686,1.10812
2023-05-04 00:00:00,1.10812,1.10917,1.10521,1.10578
2023-05-04 04:00:00,1.10578,1.10765,1.10364,1.10743
2023-05-04 09:00:00,1.10092,1.10552,1.09952,1.10082
2023-05-04 13:00:00,1.10248,1.10315,1.10134,1.10146
2023-05-04 17:00:00,1.1012,1.10212,1.10095,1.10211
2023-05-04 20:00:00,1.10229,1.10444,1.10188,1.10439
2023-05-05 00:00:00,1.10441,1.10477,1.10256,1.10267
2023-05-05 04:00:00,1.10268,1.10319,1.10213,1.10247
2023-05-05 08:00:00,1.10092,1.10185,1.09667,1.10069
2023-05-05 12:00:00,1.10246,1.10365,1.10106,1.10263
2023-05-05 16:00:00,1.10183,1.10197,1.10154,1.10162
2023-05-07 18:00:00,1.10213,1.10228,1.10143,1.1016
2023-05-07 20:00:00,1.10182,1.10399,1.10167,1.1039
2023-05-08 00:00:00,1.1039,1.10505,1.10366,1.10492
2023-05-08 04:00:00,1.10491,1.10535,1.10227,1.10479
2023-05-08 08:00:00,1.10349,1.1044,1.1013,1.10157
2023-05-08 12:00:00,1.10197,1.1029,1.1005,1.10057
2023-05-08 16:00:00,1.10016,1.10045,1.10001,1.10012
2023-05-08 20:00:00,1.09962,1.09974,1.09849,1.09936
2023-05-09 00:00:00,1.09939,1.10007,1.09727,1.09779
2023-05-09 04:00:00,1.0978,1.09862,1.09741,1.09796
2023-05-09 08:00:00,1.09635,1.09671,1.09498,1.09558
2023-05-09 12:00:00,1.09527,1.09724,1.09492,1.09664
2023-05-09 16:00:00,1.09627,1.09671,1.09545,1.09649
2023-05-09 20:00:00,1.09644,1.09772,1.09644,1.09761
2023-05-10 00:00:00,1.0976,1.09824,1.09623,1.09646
2023-05-10 04:00:00,1.09646,1.09647,1.09478,1.09547
2023-05-10 08:00:00,1.09489,1.10068,1.09414,1.09721
2023-05-10 12:00:00,1.09652,1.09824,1.0965,1.09767
2023-05-10 16:00:00,1.09823,1.0987,1.09794,1.09824
2023-05-10 20:00:00,1.09826,1.09981,1.09735,1.09744
2023-05-11 00:00:00,1.09744,1.09822,1.09241,1.093
2023-05-11 04:00:00,1.093,1.09382,1.0918,1.09315
2023-05-11 09:00:00,1.09327,1.09331,1.09,1.09175
2023-05-11 13:00:00,1.09251,1.09257,1.09106,1.09185
2023-05-11 17:00:00,1.09154,1.09199,1.09115,1.09122
2023-05-11 20:00:00,1.09122,1.09252,1.09122,1.09222
2023-05-12 00:00:00,1.09221,1.09354,1.09061,1.09076
2023-05-12 04:00:00,1.09076,1.09172,1.08891,1.08919
2023-05-12 08:00:00,1.08919,1.08951,1.08542,1.08555
2023-05-12 12:00:00,1.08553,1.08569,1.08484,1.08517
2023-05-12 16:00:00,1.08519,1.08521,1.08476,1.08477
2023-05-14 17:00:00,1.0861,1.08618,1.08478,1.08527
2023-05-14 20:00:00,1.08526,1.08643,1.0848,1.08599
2023-05-15 00:00:00,1.08598,1.08771,1.08572,1.08739
2023-05-15 04:00:00,1.08738,1.08801,1.08554,1.08778
2023-05-15 08:00:00,1.08775,1.08908,1.08645,1.08647
2023-05-15 13:00:00,1.08788,1.08788,1.08736,1.08743
2023-05-15 17:00:00,1.08731,1.08772,1.0873,1.08735
2023-05-15 20:00:00,1.08736,1.08845,1.08682,1.08824
2023-05-16 00:00:00,1.08823,1.08945,1.08628,1.08884
2023-05-16 04:00:00,1.08884,1.09046,1.0885,1.08868
2023-05-16 09:00:00,1.08816,1.08891,1.0855,1.08645
2023-05-16 12:00:00,1.08648,1.0872,1.0858,1.08628
2023-05-16 17:00:00,1.08617,1.08655,1.08602,1.08653
2023-05-16 20:00:00,1.08653,1.08736,1.08621,1.08654
2023-05-17 00:00:00,1.08654,1.08676,1.08312,1.08317
2023-05-17 04:00:00,1.08317,1.0848,1.08205,1.08251
2023-05-17 09:00:00,1.08239,1.08389,1.08147,1.08292
2023-05-17 13:00:00,1.08419,1.0849,1.08369,1.08397
2023-05-17 17:00:00,1.08379,1.08444,1.08347,1.08378
2023-05-17 20:00:00,1.08377,1.08479,1.08348,1.08398
2023-05-18 00:00:00,1.08398,1.08404,1.08091,1.08161
2023-05-18 04:00:00,1.08165,1.08221,1.08073,1.0815
2023-05-18 08:00:00,1.0815,1.08178,1.07669,1.07692
2023-05-18 13:00:00,1.0763,1.07741,1.07624,1.07739
2023-05-18 17:00:00,1.0769,1.07766,1.07687,1.07749
2023-05-18 20:00:00,1.07749,1.078,1.076,1.07683
2023-05-19 00:00:00,1.07683,1.0792,1.07605,1.07774
2023-05-19 04:00:00,1.07773,1.08042,1.07709,1.07944
2023-05-19 08:00:00,1.08086,1.08235,1.07842,1.07859
2023-05-19 12:00:00,1.08189,1.08249,1.08079,1.08083
2023-05-19 16:00:00,1.08059,1.08082,1.08012,1.08019
2023-05-21 18:00:00,1.08062,1.08197,1.08062,1.08169
2023-05-21 20:00:00,1.08219,1.08298,1.08165,1.08208
2023-05-22 00:00:00,1.08208,1.08241,1.07955,1.08068
2023-05-22 04:00:00,1.08067,1.08234,1.0799,1.08217
2023-05-22 09:00:00,1.08193,1.08214,1.07961,1.08051
2023-05-22 13:00:00,1.08097,1.08204,1.08079,1.08112
2023-05-22 17:00:00,1.08117,1.08147,1.08111,1.08126
2023-05-22 20:00:00,1.08105,1.08204,1.08025,1.0808
2023-05-23 00:00:00,1.08079,1.08129,1.07852,1.08034
2023-05-23 04:00:00,1.08033,1.08079,1.07727,1.07727
2023-05-23 08:00:00,1.07731,1.07954,1.0763,1.07786
2023-05-23 12:00:00,1.07707,1.07807,1.07601,1.07674
2023-05-23 17:00:00,1.07685,1.07727,1.07685,1.07725
2023-05-23 20:00:00,1.0769,1.07797,1.07676,1.07788
2023-05-24 00:00:00,1.07787,1.07893,1.07702,1.07838
2023-05-24 04:00:00,1.07839,1.07948,1.0748,1.07513
2023-05-24 08:00:00,1.07807,1.08012,1.07581,1.07625
2023-05-24 12:00:00,1.07584,1.07658,1.07494,1.07505
2023-05-24 16:00:00,1.07494,1.07565,1.07421,1.0755
2023-05-24 20:00:00,1.07556,1.07556,1.0736,1.07374
2023-05-25 00:00:00,1.07374,1.07438,1.0714,1.07208
2023-05-25 04:00:00,1.07208,1.0738,1.07196,1.07328
2023-05-25 09:00:00,1.07182,1.07308,1.07073,1.07242
2023-05-25 12:00:00,1.07242,1.07242,1.07118,1.07206
2023-05-25 16:00:00,1.07207,1.07272,1.07207,1.07234
2023-05-25 20:00:00,1.07233,1.07385,1.07189,1.07374
2023-05-26 00:00:00,1.07373,1.07444,1.07252,1.07404
2023-05-26 04:00:00,1.07405,1.07466,1.07255,1.07441
2023-05-26 08:00:00,1.07525,1.07572,1.07018,1.0712
2023-05-26 12:00:00,1.07119,1.07327,1.07119,1.07292
2023-05-28 18:00:00,1.07219,1.07292,1.0718,1.07192
2023-05-28 20:00:00,1.07214,1.07354,1.07172,1.07303
2023-05-29 00:00:00,1.07304,1.07434,1.07245,1.07281
2023-05-29 04:00:00,1.07282,1.07292,1.0712,1.07151
2023-05-29 09:00:00,1.07148,1.07158,1.0708,1.07138
2023-05-29 13:00:00,1.07127,1.07148,1.0709,1.07091
2023-05-29 17:00:00,1.07076,1.07128,1.07076,1.07096
2023-05-29 20:00:00,1.07067,1.07262,1.07013,1.07065
2023-05-30 00:00:00,1.07065,1.07086,1.06725,1.06902
2023-05-30 04:00:00,1.06901,1.07359,1.06872,1.07315
2023-05-30 08:00:00,1.07439,1.07465,1.07204,1.07275
2023-05-30 12:00:00,1.07217,1.07303,1.07161,1.07299
2023-05-30 16:00:00,1.07299,1.07347,1.07272,1.0732
2023-05-30 20:00:00,1.07316,1.07356,1.06942,1.06977
2023-05-31 00:00:00,1.06977,1.07006,1.06699,1.0674
2023-05-31 04:00:00,1.06741,1.06872,1.06585,1.06795
2023-05-31 09:00:00,1.06808,1.07051,1.06509,1.06525
2023-05-31 13:00:00,1.06382,1.0689,1.06355,1.06862
2023-05-31 17:00:00,1.06887,1.0697,1.06852,1.06933
2023-05-31 20:00:00,1.06934,1.06951,1.06802,1.0687
2023-06-01 00:00:00,1.0687,1.06914,1.06617,1.06701
2023-06-01 04:00:00,1.067,1.07146,1.06645,1.07087
2023-06-01 08:00:00,1.07059,1.07417,1.06845,1.07314
2023-06-01 12:00:00,1.07507,1.07684,1.07476,1.07617
2023-06-01 16:00:00,1.07625,1.07652,1.07578,1.07651
2023-06-01 20:00:00,1.07603,1.0769,1.07581,1.0768
2023-06-02 00:00:00,1.0768,1.07789,1.076,1.07618
2023-06-02 04:00:00,1.07617,1.0777,1.076,1.07673
2023-06-02 09:00:00,1.07476,1.07709,1.07174,1.07231
2023-06-02 12:00:00,1.0723,1.07236,1.07055,1.07122
2023-06-02 16:00:00,1.07077,1.07086,1.0705,1.07063
2023-06-04 17:00:00,1.07098,1.07107,1.06937,1.06967
2023-06-04 20:00:00,1.0697,1.07045,1.06902,1.07025
2023-06-05 00:00:00,1.07026,1.07036,1.06832,1.06898
2023-06-05 04:00:00,1.06897,1.0699,1.06852,1.06928
2023-06-05 09:00:00,1.06787,1.07207,1.06777,1.07207
2023-06-05 13:00:00,1.07114,1.07174,1.07072,1.07124
2023-06-05 17:00:00,1.07119,1.07142,1.07094,1.07134
2023-06-05 20:00:00,1.07112,1.07246,1.07098,1.07159
2023-06-06 00:00:00,1.07161,1.07328,1.07071,1.07144
2023-06-06 04:00:00,1.07145,1.07149,1.06823,1.06977
2023-06-06 08:00:00,1.06771,1.06967,1.06669,1.06942
2023-06-06 13:00:00,1.06883,1.0696,1.06822,1.06918
2023-06-06 17:00:00,1.06924,1.06953,1.0691,1.06949
2023-06-06 20:00:00,1.06985,1.07043,1.06887,1.06927
2023-06-07 00:00:00,1.06926,1.06956,1.06682,1.0684
2023-06-07 04:00:00,1.06841,1.07229,1.06792,1.07154
2023-06-07 10:00:00,1.07374,1.07396,1.0703,1.07075
2023-06-07 12:00:00,1.07009,1.07065,1.06928,1.07022
2023-06-07 16:00:00,1.06937,1.0707,1.06937,1.07069
2023-06-07 20:00:00,1.0707,1.07114,1.07028,1.07082
2023-06-08 00:00:00,1.07082,1.0719,1.07009,1.07129
2023-06-08 04:00:00,1.07129,1.07393,1.07097,1.07356
2023-06-08 08:00:00,1.07357,1.07832,1.07333,1.07788
2023-06-08 13:00:00,1.07846,1.07856,1.07736,1.0779
2023-06-08 17:00:00,1.07807,1.07851,1.078,1.07818
2023-06-08 20:00:00,1.07819,1.0785,1.07757,1.07777
2023-06-09 00:00:00,1.07777,1.07839,1.07674,1.07753
2023-06-09 04:00:00,1.07753,1.07816,1.0758,1.07732
2023-06-09 08:00:00,1.07732,1.07841,1.07538,1.07566
2023-06-09 12:00:00,1.07479,1.07523,1.07428,1.0744
2023-06-11 18:00:00,1.07491,1.07492,1.07431,1.07446
2023-06-11 20:00:00,1.07499,1.07503,1.0733,1.07409
2023-06-12 00:00:00,1.07409,1.07722,1.0739,1.07694
2023-06-12 04:00:00,1.07694,1.079,1.07614,1.07629
2023-06-12 09:00:00,1.07662,1.07714,1.0743,1.0746
2023-06-12 13:00:00,1.07486,1.07634,1.07448,1.076
2023-06-12 17:00:00,1.07566,1.07641,1.07546,1.07622
2023-06-12 20:00:00,1.07621,1.07801,1.07591,1.0779
2023-06-13 00:00:00,1.0779,1.08075,1.0776,1.07995
2023-06-13 04:00:00,1.07995,1.08104,1.07942,1.07984
2023-06-13 08:00:00,1.07941,1.08234,1.07781,1.08019
2023-06-13 12:00:00,1.07912,1.08035,1.07828,1.07901
2023-06-13 16:00:00,1.07918,1.07931,1.07881,1.07914
2023-06-13 20:00:00,1.07896,1.0796,1.07856,1.07899
2023-06-14 00:00:00,1.07899,1.07967,1.07739,1.07896
2023-06-14 04:00:00,1.07895,1.08099,1.07858,1.08065
2023-06-14 08:00:00,1.08033,1.08563,1.08033,1.08557
2023-06-14 12:00:00,1.08577,1.0864,1.08013,1.08343
2023-06-14 16:00:00,1.08265,1.08353,1.08247,1.08322
2023-06-14 20:00:00,1.08427,1.08444,1.08081,1.08132
2023-06-15 00:00:00,1.08132,1.08288,1.08036,1.08269
2023-06-15 04:00:00,1.08267,1.08487,1.08244,1.08421
2023-06-15 08:00:00,1.08178,1.09213,1.08144,1.09105
2023-06-15 12:00:00,1.09326,1.09499,1.0932,1.09429
2023-06-15 16:00:00,1.09476,1.09492,1.09437,1.09489
2023-06-15 20:00:00,1.09455,1.09507,1.09354,1.09381
2023-06-16 00:00:00,1.09382,1.09624,1.09339,1.09426
2023-06-16 04:00:00,1.09425,1.09658,1.09381,1.09603
2023-06-16 09:00:00,1.09508,1.09583,1.09217,1.0924
2023-06-16 12:00:00,1.0924,1.09444,1.09239,1.09351
2023-06-18 19:00:00,1.09426,1.09428,1.09385,1.09397
2023-06-18 20:00:00,1.09398,1.09462,1.09335,1.09369
2023-06-19 00:00:00,1.09369,1.09412,1.09249,1.09292
2023-06-19 04:00:00,1.09292,1.09385,1.09099,1.09211
2023-06-19 09:00:00,1.09258,1.09288,1.09168,1.09218
2023-06-19 13:00:00,1.09162,1.09206,1.09158,1.09183
2023-06-19 17:00:00,1.09201,1.09246,1.09189,1.09235
2023-06-19 20:00:00,1.09234,1.09261,1.09106,1.09197
2023-06-20 00:00:00,1.09197,1.09461,1.09116,1.09438
2023-06-20 04:00:00,1.09436,1.09447,1.09227,1.09281
2023-06-20 09:00:00,1.09192,1.09245,1.08996,1.08996
2023-06-20 13:00:00,1.09149,1.09175,1.09114,1.09171
2023-06-20 17:00:00,1.0917,1.09222,1.09167,1.09198
2023-06-20 20:00:00,1.09197,1.0921,1.09117,1.09149
2023-06-21 00:00:00,1.09149,1.09197,1.09058,1.09128
2023-06-21 04:00:00,1.09127,1.09336,1.09093,1.09183
2023-06-21 08:00:00,1.09241,1.09639,1.09081,1.09546
2023-06-21 12:00:00,1.09504,1.09899,1.09496,1.09847
2023-06-21 16:00:00,1.09878,1.09909,1.09833,1.09905
2023-06-21 20:00:00,1.09916,1.09949,1.09866,1.09929
2023-06-22 00:00:00,1.09928,1.09999,1.09797,1.09943
2023-06-22 04:00:00,1.09943,1.10081,1.09872,1.10044
2023-06-22 09:00:00,1.09822,1.0985,1.09522,1.09525
2023-06-22 13:00:00,1.09546,1.09616,1.095,1.0958
2023-06-22 17:00:00,1.09548,1.09577,1.09529,1.09533
2023-06-22 20:00:00,1.09555,1.09585,1.09321,1.09356
2023-06-23 00:00:00,1.09356,1.09368,1.08532,1.08685
2023-06-23 04:00:00,1.08688,1.08744,1.08443,1.08681
2023-06-23 08:00:00,1.08762,1.08984,1.08761,1.08825
2023-06-23 12:00:00,1.08862,1.0895,1.08827,1.0892
2023-06-25 17:00:00,1.09042,1.09064,1.08978,1.09062
2023-06-25 20:00:00,1.09064,1.09097,1.08988,1.0906
2023-06-26 00:00:00,1.09061,1.09109,1.08955,1.09021
2023-06-26 04:00:00,1.09021,1.09179,1.08873,1.09177
2023-06-26 09:00:00,1.09174,1.09199,1.09055,1.09093
2023-06-26 12:00:00,1.09092,1.09151,1.08999,1.09061
2023-06-26 16:00:00,1.0906,1.09109,1.0904,1.09099
2023-06-26 20:00:00,1.09097,1.0935,1.09021,1.09266
2023-06-27 00:00:00,1.09265,1.09414,1.09161,1.09394
2023-06-27 04:00:00,1.09393,1.09528,1.0926,1.09513
2023-06-27 09:00:00,1.09653,1.09766,1.09458,1.09598
2023-06-27 13:00:00,1.09586,1.09639,1.0955,1.09625
2023-06-27 17:00:00,1.09602,1.09616,1.09546,1.09575
2023-06-27 20:00:00,1.09574,1.09614,1.09421,1.09508
2023-06-28 00:00:00,1.09508,1.09568,1.0936,1.09525
2023-06-28 04:00:00,1.09525,1.09621,1.09453,1.09545
2023-06-28 08:00:00,1.09405,1.09445,1.08968,1.08985
2023-06-28 12:00:00,1.09033,1.09238,1.09029,1.09224
2023-06-28 16:00:00,1.0916,1.09168,1.09111,1.09137
2023-06-28 20:00:00,1.09151,1.09161,1.08905,1.08929
2023-06-29 00:00:00,1.08929,1.09206,1.08807,1.09165
2023-06-29 04:00:00,1.09164,1.09277,1.09104,1.09276
2023-06-29 08:00:00,1.09384,1.09414,1.08689,1.08896
2023-06-29 12:00:00,1.08803,1.08836,1.08655,1.08669
2023-06-29 17:00:00,1.08623,1.08668,1.0861,1.08653
2023-06-29 20:00:00,1.08673,1.08754,1.08602,1.08713
2023-06-30 00:00:00,1.08713,1.08754,1.08533,1.08563
2023-06-30 04:00:00,1.08562,1.08592,1.08352,1.08535
2023-06-30 09:00:00,1.08968,1.09192,1.08962,1.0919
2023-06-30 12:00:00,1.09192,1.09224,1.09105,1.09108
2023-06-30 16:00:00,1.0913,1.09131,1.09079,1.09095
2023-07-02 18:00:00,1.09089,1.0913,1.09084,1.09092
2023-07-02 20:00:00,1.09075,1.09176,1.09004,1.09127
2023-07-03 00:00:00,1.09127,1.09181,1.08702,1.08749
2023-07-03 04:00:00,1.08748,1.09047,1.0873,1.08991
2023-07-03 09:00:00,1.09089,1.09339,1.09026,1.09067
2023-07-03 13:00:00,1.09158,1.09163,1.09083,1.09118
2023-07-03 16:00:00,1.09092,1.09149,1.09088,1.09128
2023-07-03 20:00:00,1.09127,1.09163,1.09024,1.09044
2023-07-04 00:00:00,1.09046,1.09146,1.08939,1.09027
2023-07-04 04:00:00,1.09028,1.09045,1.08921,1.08959
2023-07-04 08:00:00,1.08982,1.09074,1.08936,1.09018
2023-07-04 13:00:00,1.08944,1.08971,1.08869,1.08873
2023-07-04 17:00:00,1.08779,1.08821,1.08773,1.08804
2023-07-04 20:00:00,1.08827,1.08908,1.0875,1.08773
2023-07-05 00:00:00,1.08774,1.09078,1.08677,1.08865
2023-07-05 04:00:00,1.08865,1.08956,1.08662,1.08782
2023-07-05 08:00:00,1.0879,1.09019,1.0867,1.08737
2023-07-05 13:00:00,1.08608,1.08638,1.08525,1.0855
2023-07-05 17:00:00,1.08535,1.08564,1.0852,1.08551
2023-07-05 20:00:00,1.08554,1.08559,1.08399,1.084
2023-07-06 00:00:00,1.08401,1.08753,1.08337,1.08556
2023-07-06 04:00:00,1.08555,1.08977,1.08454,1.08952
2023-07-06 09:00:00,1.08739,1.08877,1.08583,1.08722
2023-07-06 13:00:00,1.08724,1.08888,1.08721,1.08883
2023-07-06 17:00:00,1.08884,1.08949,1.08832,1.08896
2023-07-06 20:00:00,1.08895,1.08915,1.08823,1.08878
2023-07-07 00:00:00,1.08876,1.09002,1.08717,1.08759
2023-07-07 04:00:00,1.08758,1.0897,1.08669,1.08875
2023-07-07 08:00:00,1.08878,1.09634,1.08744,1.09629
2023-07-07 13:00:00,1.09716,1.09731,1.09662,1.09675
2023-07-09 17:04:00,1.09593,1.0968,1.09563,1.09669
2023-07-09 20:00:00,1.0967,1.09695,1.09528,1.09559
2023-07-10 00:00:00,1.0956,1.09655,1.0945,1.09544
2023-07-10 04:00:00,1.09544,1.09733,1.09527,1.09593
2023-07-10 08:00:00,1.09541,1.09802,1.09434,1.09746
2023-07-10 12:00:00,1.09899,1.09994,1.09825,1.0999
2023-07-10 16:00:00,1.09982,1.10025,1.09968,1.1001
2023-07-10 20:00:00,1.10053,1.102,1.10014,1.10173
2023-07-11 00:00:00,1.10173,1.10269,1.10061,1.1008
2023-07-11 04:00:00,1.1008,1.10155,1.09971,1.10059
2023-07-11 09:00:00,1.09818,1.09936,1.09783,1.09899
2023-07-11 13:00:00,1.10024,1.1009,1.0999,1.10062
2023-07-11 17:00:00,1.10081,1.10143,1.10059,1.10136
2023-07-11 20:00:00,1.10137,1.10334,1.10119,1.10295
2023-07-12 00:00:00,1.10295,1.10368,1.10206,1.10272
2023-07-12 04:00:00,1.10271,1.10304,1.10184,1.1022
2023-07-12 08:00:00,1.10149,1.11253,1.10148,1.1122
2023-07-12 13:00:00,1.11318,1.11325,1.11244,1.11297
2023-07-12 16:00:00,1.1137,1.11405,1.11268,1.11405
2023-07-12 20:00:00,1.11406,1.11486,1.11363,1.11456
2023-07-13 00:00:00,1.11456,1.11577,1.11298,1.11553
2023-07-13 04:00:00,1.11553,1.11778,1.11502,1.11742
2023-07-13 09:00:00,1.11797,1.11959,1.11761,1.11957
2023-07-13 13:00:00,1.12056,1.12225,1.12023,1.12224
2023-07-13 16:00:00,1.12262,1.12296,1.12228,1.12245
2023-07-13 20:00:00,1.12235,1.12429,1.12134,1.12413
2023-07-14 00:00:00,1.12413,1.12413,1.12041,1.12214
2023-07-14 04:00:00,1.12213,1.12448,1.12193,1.12242
2023-07-14 09:00:00,1.12257,1.12441,1.12175,1.12355
2023-07-14 13:00:00,1.12395,1.12395,1.12258,1.12259
2023-07-16 18:00:00,1.12273,1.12315,1.12245,1.12254
2023-07-16 20:00:00,1.12271,1.12296,1.12147,1.12264
2023-07-17 00:00:00,1.12263,1.1245,1.1222,1.12447
2023-07-17 04:00:00,1.12448,1.12487,1.12307,1.12311
2023-07-17 09:00:00,1.12354,1.12378,1.12033,1.1235
2023-07-17 12:00:00,1.12349,1.1246,1.12299,1.12436
2023-07-17 17:00:00,1.1235,1.12401,1.12326,1.12394
2023-07-17 20:00:00,1.12374,1.12559,1.12345,1.12537
2023-07-18 00:00:00,1.12539,1.12756,1.12403,1.12537
2023-07-18 04:00:00,1.12538,1.12578,1.12279,1.12532
2023-07-18 09:00:00,1.12396,1.12458,1.12167,1.12368
2023-07-18 12:00:00,1.12225,1.12309,1.12089,1.12301
2023-07-18 18:00:00,1.12274,1.12327,1.12274,1.12316
2023-07-18 20:00:00,1.12282,1.12327,1.12161,1.12261
2023-07-19 00:00:00,1.12262,1.12372,1.11959,1.12269
2023-07-19 04:00:00,1.12269,1.124,1.12099,1.12131
2023-07-19 09:00:00,1.12171,1.12246,1.11895,1.11937
2023-07-19 13:00:00,1.11919,1.12049,1.11901,1.12037
2023-07-19 17:00:00,1.11972,1.12051,1.11961,1.12049
2023-07-19 20:00:00,1.12048,1.12291,1.12037,1.12258
2023-07-20 00:00:00,1.12259,1.12267,1.1198,1.12054
2023-07-20 04:00:00,1.12053,1.12142,1.11987,1.12069
2023-07-20 08:00:00,1.12069,1.12069,1.11405,1.11467
2023-07-20 12:00:00,1.11349,1.11386,1.11184,1.11262
2023-07-20 16:00:00,1.11319,1.11367,1.11282,1.11348
2023-07-20 20:00:00,1.11345,1.11417,1.11296,1.1136
2023-07-21 00:00:00,1.11361,1.11449,1.11248,1.11278
2023-07-21 04:00:00,1.11276,1.11376,1.11173,1.11182
2023-07-21 10:00:00,1.11184,1.11184,1.11079,1.11131
2023-07-21 13:00:00,1.11232,1.11288,1.11191,1.11254
2023-07-23 17:04:00,1.11197,1.11321,1.11197,1.11243
2023-07-23 20:00:00,1.11244,1.11327,1.11194,1.11255
2023-07-24 00:00:00,1.11254,1.11469,1.10746,1.1081
2023-07-24 04:00:00,1.10811,1.10934,1.10657,1.10915
2023-07-24 08:00:00,1.10973,1.10998,1.10691,1.10791
2023-07-24 12:00:00,1.10823,1.1083,1.10672,1.10706
2023-07-24 16:00:00,1.10602,1.10661,1.10602,1.10624
2023-07-24 20:00:00,1.1063,1.10815,1.10627,1.10782
2023-07-25 00:00:00,1.10782,1.10868,1.10687,1.1071
2023-07-25 04:00:00,1.10712,1.10712,1.10393,1.10493
2023-07-25 09:00:00,1.10487,1.10533,1.10255,1.1049
2023-07-25 13:00:00,1.10422,1.1053,1.10354,1.10521
2023-07-25 16:00:00,1.10521,1.10552,1.10485,1.10499
2023-07-25 20:00:00,1.105,1.1053,1.10377,1.10493
2023-07-26 00:00:00,1.10492,1.10748,1.10462,1.10693
2023-07-26 04:00:00,1.10692,1.10861,1.10663,1.1082
2023-07-26 08:00:00,1.10627,1.10714,1.10573,1.10635
2023-07-26 12:00:00,1.10767,1.11047,1.10564,1.11035
2023-07-26 16:00:00,1.10963,1.10965,1.10844,1.10848
2023-07-26 20:00:00,1.10778,1.11178,1.10774,1.11002
2023-07-27 00:00:00,1.11002,1.1134,1.10879,1.11284
2023-07-27 04:00:00,1.11284,1.11439,1.11243,1.11385
2023-07-27 09:00:00,1.10591,1.10652,1.09874,1.09969
2023-07-27 12:00:00,1.0997,1.1001,1.09717,1.09732
2023-07-27 16:00:00,1.09669,1.09835,1.09662,1.09827
2023-07-27 20:00:00,1.0978,1.09882,1.09714,1.09765
2023-07-28 00:00:00,1.09766,1.09911,1.09435,1.09515
2023-07-28 04:00:00,1.09518,1.09965,1.09477,1.09935
2023-07-28 08:00:00,1.10091,1.10475,1.10032,1.10356
2023-07-28 12:00:00,1.10382,1.1043,1.10159,1.10233
2023-07-28 16:00:00,1.10229,1.10235,1.10123,1.10125
2023-07-30 17:00:00,1.10206,1.10282,1.10095,1.10238
2023-07-30 20:00:00,1.10239,1.10277,1.10091,1.10123
2023-07-31 00:00:00,1.10124,1.10288,1.10051,1.10196
2023-07-31 04:00:00,1.10198,1.10401,1.10113,1.10268
2023-07-31 08:00:00,1.1027,1.10458,1.10122,1.10182
2023-07-31 12:00:00,1.10183,1.10201,1.09937,1.09953
2023-07-31 16:00:00,1.09953,1.10028,1.09931,1.09966
2023-07-31 20:00:00,1.09967,1.10015,1.09803,1.09855
2023-08-01 00:00:00,1.09854,1.10002,1.097,1.09796
2023-08-01 04:00:00,1.09796,1.09866,1.09658,1.09755
2023-08-01 08:00:00,1.09755,1.09892,1.09523,1.09702
2023-08-01 12:00:00,1.09703,1.0985,1.09626,1.09826
2023-08-01 16:00:00,1.0982,1.10192,1.09805,1.10075
2023-08-01 20:00:00,1.10078,1.1008,1.09802,1.09868
2023-08-02 00:00:00,1.09869,1.10006,1.09813,1.09899
2023-08-02 04:00:00,1.09902,1.09927,1.09682,1.09784
2023-08-02 08:00:00,1.09783,1.09871,1.09178,1.09381
2023-08-02 12:00:00,1.09382,1.09575,1.09346,1.09396
2023-08-02 16:00:00,1.09394,1.09456,1.09354,1.09435
2023-08-02 20:00:00,1.09433,1.09492,1.09303,1.09347
2023-08-03 00:00:00,1.09347,1.09432,1.09138,1.0919
2023-08-03 04:00:00,1.09189,1.09487,1.09122,1.0935
2023-08-03 08:00:00,1.09349,1.09561,1.09155,1.09466
2023-08-03 12:00:00,1.09465,1.09628,1.09383,1.0944
2023-08-03 16:00:00,1.09437,1.09533,1.09436,1.0951
2023-08-03 20:00:00,1.09509,1.09615,1.09464,1.09542
2023-08-04 00:00:00,1.09543,1.09583,1.09441,1.09473
2023-08-04 04:00:00,1.09474,1.09527,1.09351,1.09378
2023-08-04 08:00:00,1.09378,1.10419,1.09349,1.10348
2023-08-04 12:00:00,1.10347,1.10393,1.10037,1.10076
2023-08-04 16:00:00,1.1007,1.10115,1.10029,1.10029
2023-08-06 17:03:00,1.10141,1.10151,1.1001,1.10024
2023-08-06 20:00:00,1.10024,1.10117,1.09951,1.09955
2023-08-07 00:00:00,1.09955,1.09973,1.09708,1.09927
2023-08-07 04:00:00,1.09926,1.09926,1.09654,1.09839
2023-08-07 08:00:00,1.09841,1.10116,1.09795,1.09989
2023-08-07 12:00:00,1.09989,1.10101,1.09921,1.10044
2023-08-07 16:00:00,1.10044,1.1005,1.0999,1.10026
2023-08-07 20:00:00,1.10026,1.10054,1.09768,1.09818
2023-08-08 00:00:00,1.09817,1.10111,1.09736,1.09787
2023-08-08 04:00:00,1.09789,1.09872,1.09368,1.09413
2023-08-08 08:00:00,1.09412,1.0956,1.0929,1.09501
2023-08-08 12:00:00,1.09502,1.09619,1.09476,1.09571
2023-08-08 16:00:00,1.09571,1.09594,1.09519,1.09592
2023-08-08 20:00:00,1.09592,1.09707,1.09552,1.09665
2023-08-09 00:00:00,1.09665,1.09847,1.09633,1.09842
2023-08-09 04:00:00,1.09841,1.09887,1.09692,1.09698
2023-08-09 08:00:00,1.09699,1.09953,1.0962,1.09742
2023-08-09 12:00:00,1.09742,1.09916,1.09732,1.09735
2023-08-09 16:00:00,1.09733,1.09786,1.09712,1.09771
2023-08-09 20:00:00,1.09771,1.09819,1.09673,1.09791
2023-08-10 00:00:00,1.09791,1.10186,1.09785,1.10083
2023-08-10 04:00:00,1.10083,1.10296,1.10081,1.10165
2023-08-10 08:00:00,1.10166,1.1065,1.10076,1.10151
2023-08-10 12:00:00,1.10152,1.10191,1.09761,1.09791
2023-08-10 16:00:00,1.09791,1.09845,1.09777,1.09815
2023-08-10 20:00:00,1.09815,1.09979,1.09797,1.09872
2023-08-11 00:00:00,1.09872,1.1002,1.09838,1.09922
2023-08-11 04:00:00,1.09923,1.10031,1.09763,1.09973
2023-08-11 08:00:00,1.09971,1.10049,1.0951,1.09561
2023-08-11 12:00:00,1.09563,1.09646,1.09429,1.09468
2023-08-11 16:00:00,1.09468,1.09491,1.09433,1.09433
2023-08-13 17:00:00,1.09493,1.09517,1.09401,1.09432
2023-08-13 20:00:00,1.09431,1.09467,1.09292,1.09321
2023-08-14 00:00:00,1.09321,1.09561,1.09261,1.09519
2023-08-14 04:00:00,1.09518,1.096,1.09367,1.0939
2023-08-14 08:00:00,1.09389,1.09409,1.08747,1.09206
2023-08-14 12:00:00,1.09205,1.09359,1.09028,1.09028
2023-08-14 16:00:00,1.09028,1.09082,1.0902,1.09077
2023-08-14 20:00:00,1.09076,1.09175,1.09003,1.09143
2023-08-15 00:00:00,1.09145,1.09304,1.09062,1.09234
2023-08-15 04:00:00,1.09233,1.09448,1.09178,1.09291
2023-08-15 08:00:00,1.09293,1.09524,1.08969,1.09268
2023-08-15 12:00:00,1.09269,1.09284,1.0899,1.09058
2023-08-15 16:00:00,1.09059,1.09063,1.09011,1.09038
2023-08-15 20:00:00,1.09038,1.09117,1.08989,1.09064
2023-08-16 00:00:00,1.09064,1.09271,1.09059,1.09234
2023-08-16 04:00:00,1.09233,1.09345,1.09064,1.09131
2023-08-16 08:00:00,1.0913,1.09233,1.08961,1.09028
2023-08-16 12:00:00,1.09027,1.09047,1.08714,1.08743
2023-08-16 16:00:00,1.08743,1.08832,1.08733,1.08743
2023-08-16 20:00:00,1.08744,1.08749,1.08618,1.08642
2023-08-17 00:00:00,1.08642,1.08866,1.08626,1.08804
2023-08-17 04:00:00,1.08802,1.08956,1.08636,1.08945
2023-08-17 08:00:00,1.08945,1.0918,1.08668,1.08735
2023-08-17 12:00:00,1.08737,1.08895,1.08563,1.08717
2023-08-17 16:00:00,1.08716,1.08755,1.08664,1.08743
2023-08-17 20:00:00,1.08742,1.08938,1.08717,1.08859
2023-08-18 00:00:00,1.08861,1.08879,1.08644,1.0873
2023-08-18 04:00:00,1.0873,1.08768,1.08601,1.08629
2023-08-18 08:00:00,1.0863,1.08813,1.0845,1.08743
2023-08-18 12:00:00,1.08742,1.08811,1.08679,1.08725
2023-08-18 16:00:00,1.08724,1.08736,1.08678,1.08678
2023-08-20 17:02:00,1.08672,1.08785,1.08664,1.08749
2023-08-20 20:00:00,1.08747,1.08841,1.08695,1.08803
2023-08-21 00:00:00,1.08804,1.08888,1.08723,1.08885
2023-08-21 04:00:00,1.08885,1.09136,1.08822,1.09094
2023-08-21 08:00:00,1.0909,1.0913,1.08753,1.08877
2023-08-21 12:00:00,1.08877,1.09042,1.08874,1.08961
2023-08-21 16:00:00,1.08961,1.09015,1.08924,1.08975
2023-08-21 20:00:00,1.08974,1.09158,1.08932,1.0915
2023-08-22 00:00:00,1.09149,1.09303,1.09046,1.09255
2023-08-22 04:00:00,1.09255,1.09285,1.08805,1.08847
2023-08-22 08:00:00,1.08849,1.08906,1.08329,1.08455
2023-08-22 12:00:00,1.08455,1.08553,1.08434,1.08457
2023-08-22 16:00:00,1.08456,1.08489,1.08443,1.08464
2023-08-22 20:00:00,1.08465,1.08596,1.08446,1.08574
2023-08-23 00:00:00,1.08574,1.08713,1.08118,1.08179
2023-08-23 04:00:00,1.08178,1.08303,1.0804,1.08111
2023-08-23 08:00:00,1.08111,1.08627,1.08025,1.08613
2023-08-23 12:00:00,1.08612,1.087,1.08558,1.08638
2023-08-23 16:00:00,1.08637,1.08672,1.08609,1.08654
2023-08-23 20:00:00,1.08655,1.0875,1.08583,1.08657
2023-08-24 00:00:00,1.08658,1.08764,1.08519,1.08562
2023-08-24 04:00:00,1.08561,1.08643,1.08416,1.08421
2023-08-24 08:00:00,1.08423,1.08486,1.08142,1.08255
2023-08-24 12:00:00,1.08254,1.08277,1.08056,1.08058
2023-08-24 16:00:00,1.08057,1.08159,1.07928,1.0799
2023-08-24 20:00:00,1.07989,1.0804,1.07799,1.07804
2023-08-25 00:00:00,1.07804,1.0792,1.07683,1.07712
2023-08-25 04:00:00,1.07711,1.08113,1.07661,1.08028
2023-08-25 08:00:00,1.08027,1.08417,1.07658,1.07862
2023-08-25 12:00:00,1.07866,1.08125,1.07856,1.08028
2023-08-25 16:00:00,1.08029,1.08031,1.07906,1.07906
2023-08-27 17:00:00,1.07957,1.0801,1.07933,1.07968
2023-08-27 20:00:00,1.07969,1.08101,1.07961,1.08094
2023-08-28 00:00:00,1.08093,1.08208,1.08052,1.08087
2023-08-28 04:00:00,1.08085,1.08221,1.07993,1.08043
2023-08-28 08:00:00,1.08045,1.08141,1.07989,1.0809
2023-08-28 12:00:00,1.08089,1.08198,1.08039,1.08179
2023-08-28 16:00:00,1.08179,1.08298,1.0814,1.08255
2023-08-28 20:00:00,1.08255,1.08382,1.08213,1.08362
2023-08-29 00:00:00,1.08362,1.08363,1.08083,1.08204
2023-08-29 04:00:00,1.08205,1.08227,1.08037,1.08041
2023-08-29 08:00:00,1.08042,1.08569,1.07822,1.085
2023-08-29 12:00:00,1.08499,1.08919,1.08466,1.08852
2023-08-29 16:00:00,1.08852,1.08854,1.08686,1.08691
2023-08-29 20:00:00,1.08691,1.08721,1.08636,1.08691
2023-08-30 00:00:00,1.0869,1.08766,1.08556,1.08647
2023-08-30 04:00:00,1.08644,1.08935,1.08551,1.08787
2023-08-30 08:00:00,1.08788,1.09454,1.08746,1.09258
2023-08-30 12:00:00,1.09256,1.09328,1.09168,1.09216
2023-08-30 16:00:00,1.09217,1.09315,1.0919,1.09294
2023-08-30 20:00:00,1.09292,1.09394,1.092,1.09204
2023-08-31 00:00:00,1.09205,1.09244,1.08899,1.08925
2023-08-31 04:00:00,1.08925,1.08931,1.08575,1.08682
2023-08-31 08:00:00,1.08683,1.08849,1.08366,1.08386
2023-08-31 12:00:00,1.08385,1.08541,1.08351,1.08436
2023-08-31 16:00:00,1.08437,1.0847,1.08347,1.08424
2023-08-31 20:00:00,1.08422,1.08541,1.08363,1.08417
2023-09-01 00:00:00,1.08416,1.08595,1.08284,1.08558
2023-09-01 04:00:00,1.0856,1.08563,1.08331,1.08331
2023-09-01 08:00:00,1.08332,1.08819,1.07863,1.07865
2023-09-01 12:00:00,1.07865,1.0789,1.07722,1.07749
2023-09-01 16:00:00,1.07749,1.07773,1.07716,1.07717
2023-09-03 17:00:00,1.07748,1.07815,1.07716,1.07756
2023-09-03 20:00:00,1.07758,1.07872,1.07731,1.07857
2023-09-04 00:00:00,1.07857,1.08068,1.07811,1.07952
2023-09-04 04:00:00,1.07952,1.08087,1.07907,1.08001
2023-09-04 08:00:00,1.08002,1.08053,1.07832,1.07988
2023-09-04 12:00:00,1.07988,1.08,1.07922,1.07938
2023-09-04 16:00:00,1.0794,1.07977,1.07897,1.07913
2023-09-04 20:00:00,1.07912,1.07982,1.07807,1.07884
2023-09-05 00:00:00,1.07884,1.07938,1.07544,1.07564
2023-09-05 04:00:00,1.07563,1.07587,1.07292,1.07325
2023-09-05 08:00:00,1.07325,1.07486,1.07062,1.07265
2023-09-05 12:00:00,1.07265,1.0732,1.07193,1.07213
2023-09-05 16:00:00,1.07213,1.0728,1.0719,1.07244
2023-09-05 20:00:00,1.07246,1.07343,1.07131,1.07332
2023-09-06 00:00:00,1.07331,1.0748,1.07242,1.07291
2023-09-06 04:00:00,1.0729,1.07488,1.07231,1.07439
2023-09-06 08:00:00,1.07438,1.07454,1.07025,1.0713
2023-09-06 12:00:00,1.07129,1.07295,1.07112,1.07261
2023-09-06 16:00:00,1.07266,1.0728,1.07214,1.07238
2023-09-06 20:00:00,1.07238,1.07317,1.0719,1.07297
2023-09-07 00:00:00,1.07295,1.07302,1.07081,1.07155
2023-09-07 04:00:00,1.07155,1.07177,1.0703,1.07053
2023-09-07 08:00:00,1.07052,1.07107,1.06861,1.07032
2023-09-07 12:00:00,1.07032,1.07096,1.06937,1.06949
2023-09-07 16:00:00,1.06949,1.06986,1.06941,1.06973
2023-09-07 20:00:00,1.06975,1.07232,1.06971,1.07164
2023-09-08 00:00:00,1.07165,1.07279,1.07076,1.07086
2023-09-08 04:00:00,1.07087,1.07174,1.06941,1.0699
2023-09-08 08:00:00,1.0699,1.07438,1.06977,1.07087
2023-09-08 12:00:00,1.07088,1.07134,1.06969,1.06992
2023-09-08 16:00:00,1.06992,1.0703,1.06974,1.06974
2023-09-10 17:00:00,1.07147,1.07204,1.07075,1.07162
2023-09-10 20:00:00,1.07165,1.0728,1.07099,1.07225
2023-09-11 00:00:00,1.07226,1.07412,1.07216,1.07258
2023-09-11 04:00:00,1.07258,1.07343,1.07183,1.07197
2023-09-11 08:00:00,1.07197,1.07593,1.07154,1.07425
2023-09-11 12:00:00,1.07426,1.07578,1.07426,1.07489
2023-09-11 16:00:00,1.07489,1.07533,1.07414,1.07476
2023-09-11 20:00:00,1.07476,1.07692,1.07375,1.07463
2023-09-12 00:00:00,1.07462,1.07464,1.07121,1.07135
2023-09-12 04:00:00,1.07135,1.07259,1.07085,1.07181
2023-09-12 08:00:00,1.07181,1.073,1.07055,1.07253
2023-09-12 12:00:00,1.07256,1.07375,1.07215,1.07281
2023-09-12 16:00:00,1.07281,1.07648,1.07276,1.07531
2023-09-12 20:00:00,1.0753,1.07648,1.07446,1.07471
2023-09-13 00:00:00,1.07472,1.07545,1.0731,1.07437
2023-09-13 04:00:00,1.07436,1.07447,1.07285,1.07366
2023-09-13 08:00:00,1.07364,1.07614,1.0711,1.07356
2023-09-13 12:00:00,1.07357,1.07491,1.07278,1.07318
2023-09-13 16:00:00,1.07318,1.07346,1.07281,1.07327
2023-09-13 20:00:00,1.07327,1.07464,1.07301,1.07445
2023-09-14 00:00:00,1.07446,1.07521,1.0733,1.07336
2023-09-14 04:00:00,1.07336,1.074,1.07245,1.07303
2023-09-14 08:00:00,1.07302,1.07476,1.06539,1.06587
2023-09-14 12:00:00,1.06588,1.0663,1.06318,1.06426
2023-09-14 16:00:00,1.06425,1.06468,1.06349,1.0635
2023-09-14 20:00:00,1.06349,1.06483,1.06332,1.06474
2023-09-15 00:00:00,1.06476,1.06674,1.06443,1.06635
2023-09-15 04:00:00,1.06635,1.06692,1.06529,1.06546
2023-09-15 08:00:00,1.06547,1.06877,1.06451,1.06721
2023-09-15 12:00:00,1.06724,1.06802,1.06596,1.06598
2023-09-15 16:00:00,1.06598,1.06628,1.06561,1.06576
2023-09-17 17:00:00,1.06588,1.0669,1.06578,1.06679
2023-09-17 20:00:00,1.0668,1.06736,1.06609,1.06641
2023-09-18 00:00:00,1.06641,1.06777,1.06578,1.06621
2023-09-18 04:00:00,1.06621,1.06747,1.06562,1.06631
2023-09-18 08:00:00,1.06631,1.06986,1.06546,1.0694
2023-09-18 12:00:00,1.0694,1.0698,1.06778,1.06866
2023-09-18 16:00:00,1.06865,1.06937,1.0685,1.06919
2023-09-18 20:00:00,1.06918,1.06965,1.06807,1.06826
2023-09-19 00:00:00,1.06826,1.06952,1.0675,1.06942
2023-09-19 04:00:00,1.06941,1.07097,1.06819,1.07087
2023-09-19 08:00:00,1.07086,1.0718,1.068,1.06831
2023-09-19 12:00:00,1.06831,1.06917,1.06761,1.06805
2023-09-19 16:00:00,1.06806,1.06834,1.06746,1.06813
2023-09-19 20:00:00,1.06814,1.06897,1.06781,1.06795
2023-09-20 00:00:00,1.06794,1.0693,1.06729,1.06903
2023-09-20 04:00:00,1.06904,1.07049,1.06897,1.07015
2023-09-20 08:00:00,1.07014,1.07271,1.06921,1.07142
2023-09-20 12:00:00,1.07142,1.07368,1.06579,1.06586
2023-09-20 16:00:00,1.06587,1.06643,1.06478,1.06498
2023-09-20 20:00:00,1.06498,1.06503,1.06167,1.06365
2023-09-21 00:00:00,1.06366,1.0658,1.06326,1.06551
2023-09-21 04:00:00,1.06551,1.06645,1.06335,1.06356
2023-09-21 08:00:00,1.06357,1.06734,1.06246,1.06634
2023-09-21 12:00:00,1.06633,1.06708,1.06544,1.06592
2023-09-21 16:00:00,1.06591,1.06637,1.06558,1.06603
2023-09-21 20:00:00,1.06603,1.06626,1.06409,1.06514
2023-09-22 00:00:00,1.06514,1.06678,1.0615,1.06457
2023-09-22 04:00:00,1.06456,1.06516,1.0634,1.06363
2023-09-22 08:00:00,1.06363,1.06716,1.06363,1.06592
2023-09-22 12:00:00,1.06594,1.06616,1.06391,1.06436
2023-09-22 16:00:00,1.06436,1.06473,1.06415,1.06419
2023-09-24 17:00:00,1.06513,1.06518,1.06424,1.06482
2023-09-24 20:00:00,1.06482,1.06555,1.0643,1.0648
2023-09-25 00:00:00,1.06479,1.06531,1.06316,1.06378
2023-09-25 04:00:00,1.06379,1.06435,1.06239,1.06305
2023-09-25 08:00:00,1.06303,1.06346,1.05753,1.05901
2023-09-25 12:00:00,1.059,1.05986,1.05854,1.05928
2023-09-25 16:00:00,1.05927,1.05966,1.059,1.05912
2023-09-25 20:00:00,1.05912,1.05919,1.05783,1.05858
2023-09-26 00:00:00,1.05857,1.05929,1.05699,1.05849
2023-09-26 04:00:00,1.05849,1.06033,1.05827,1.05994
2023-09-26 08:00:00,1.05993,1.0609,1.05677,1.05724
2023-09-26 12:00:00,1.05725,1.05767,1.0562,1.05701
2023-09-26 16:00:00,1.05701,1.05755,1.05676,1.05691
2023-09-26 20:00:00,1.05691,1.0572,1.05559,1.05619
2023-09-27 00:00:00,1.05619,1.0574,1.05548,1.0565
2023-09-27 04:00:00,1.05653,1.05698,1.05343,1.05394
2023-09-27 08:00:00,1.05395,1.05513,1.05081,1.05087
2023-09-27 12:00:00,1.0509,1.05187,1.0488,1.05056
2023-09-27 16:00:00,1.05057,1.05081,1.04985,1.05052
2023-09-27 20:00:00,1.05053,1.0516,1.04987,1.0504
2023-09-28 00:00:00,1.0504,1.05188,1.0491,1.05085
2023-09-28 04:00:00,1.05084,1.05483,1.05047,1.05413
2023-09-28 08:00:00,1.05412,1.05788,1.05176,1.05762
2023-09-28 12:00:00,1.05762,1.05782,1.05498,1.05639
2023-09-28 16:00:00,1.05639,1.05674,1.05591,1.05621
2023-09-28 20:00:00,1.05622,1.05827,1.05579,1.05754
2023-09-29 00:00:00,1.05753,1.06106,1.05743,1.06062
2023-09-29 04:00:00,1.06063,1.06169,1.05901,1.05943
2023-09-29 08:00:00,1.05942,1.06102,1.05698,1.05833
2023-09-29 12:00:00,1.05834,1.05867,1.05638,1.05722
2023-09-29 16:00:00,1.05723,1.05761,1.05684,1.05694
2023-10-01 17:00:00,1.05672,1.05721,1.05578,1.0564
2023-10-01 20:00:00,1.05641,1.05707,1.05623,1.05698
2023-10-02 00:00:00,1.05697,1.05919,1.05601,1.05722
2023-10-02 04:00:00,1.05721,1.0578,1.05301,1.05313
2023-10-02 08:00:00,1.05313,1.05375,1.04922,1.04988
2023-10-02 12:00:00,1.04989,1.05051,1.04807,1.04809
2023-10-02 16:00:00,1.04806,1.04827,1.04752,1.04798
2023-10-02 20:00:00,1.04798,1.04803,1.04638,1.04683
2023-10-03 00:00:00,1.04683,1.04842,1.04598,1.04824
2023-10-03 04:00:00,1.04823,1.04933,1.04692,1.04735
2023-10-03 08:00:00,1.04735,1.04857,1.04483,1.04525
2023-10-03 12:00:00,1.04524,1.04795,1.04518,1.04714
2023-10-03 16:00:00,1.04715,1.04735,1.0463,1.04686
2023-10-03 20:00:00,1.04684,1.04755,1.0457,1.04592
2023-10-04 00:00:00,1.04593,1.04853,1.04514,1.04846
2023-10-04 04:00:00,1.04846,1.05164,1.04791,1.0498
2023-10-04 08:00:00,1.04979,1.05321,1.04829,1.05176
2023-10-04 12:00:00,1.05178,1.05217,1.04978,1.05154
2023-10-04 16:00:00,1.05152,1.0516,1.05028,1.05069
2023-10-04 20:00:00,1.05068,1.05288,1.05022,1.0525
2023-10-05 00:00:00,1.05249,1.05263,1.05014,1.05087
2023-10-05 04:00:00,1.05087,1.05252,1.05027,1.05236
2023-10-05 08:00:00,1.05237,1.05373,1.05,1.05257
2023-10-05 12:00:00,1.05257,1.05515,1.0524,1.05495
2023-10-05 16:00:00,1.05495,1.05518,1.0545,1.05462
2023-10-05 20:00:00,1.05463,1.05479,1.05381,1.05423
2023-10-06 00:00:00,1.05424,1.0551,1.05314,1.05497
2023-10-06 04:00:00,1.05497,1.05672,1.05421,1.0566
2023-10-06 08:00:00,1.0566,1.05999,1.04824,1.05946
2023-10-06 12:00:00,1.05945,1.05996,1.05755,1.05897
2023-10-06 16:00:00,1.05897,1.05897,1.05823,1.05828
2023-10-08 17:00:00,1.05529,1.05682,1.05494,1.05661
2023-10-08 20:00:00,1.05662,1.05742,1.05515,1.05521
2023-10-09 00:00:00,1.05522,1.05585,1.05194,1.0523
2023-10-09 04:00:00,1.0523,1.0545,1.05203,1.05282
2023-10-09 08:00:00,1.05281,1.05576,1.05224,1.05397
2023-10-09 12:00:00,1.05396,1.05702,1.05344,1.05691
2023-10-09 16:00:00,1.05691,1.05796,1.05606,1.05786
2023-10-09 20:00:00,1.05788,1.05836,1.0566,1.05694
2023-10-10 00:00:00,1.05693,1.05723,1.05542,1.05716
2023-10-10 04:00:00,1.05717,1.0611,1.05698,1.05757
2023-10-10 08:00:00,1.05755,1.06195,1.05742,1.0617
2023-10-10 12:00:00,1.0617,1.06198,1.05924,1.06046
2023-10-10 16:00:00,1.06048,1.06096,1.05998,1.06042
2023-10-10 20:00:00,1.06043,1.06142,1.06012,1.06047
2023-10-11 00:00:00,1.06047,1.06283,1.05953,1.05998
2023-10-11 04:00:00,1.05999,1.06147,1.05933,1.06039
2023-10-11 08:00:00,1.06038,1.06346,1.05806,1.06127
2023-10-11 12:00:00,1.06127,1.06158,1.05849,1.06125
2023-10-11 16:00:00,1.06125,1.06256,1.06116,1.06234
2023-10-11 20:00:00,1.06234,1.0629,1.06199,1.06287
2023-10-12 00:00:00,1.06285,1.06397,1.062,1.062
2023-10-12 04:00:00,1.06201,1.06272,1.06132,1.06195
2023-10-12 08:00:00,1.06194,1.06271,1.05444,1.05519
2023-10-12 12:00:00,1.05521,1.05608,1.05257,1.05306
2023-10-12 16:00:00,1.05308,1.05374,1.05268,1.05355
2023-10-12 20:00:00,1.05358,1.0548,1.05345,1.05455
2023-10-13 00:00:00,1.05453,1.05578,1.05313,1.05517
2023-10-13 04:00:00,1.05516,1.05584,1.05139,1.05244
2023-10-13 08:00:00,1.05247,1.05473,1.04954,1.05006
2023-10-13 12:00:00,1.05007,1.05158,1.04995,1.05138
2023-10-13 16:00:00,1.05137,1.05138,1.05056,1.05073
2023-10-15 17:04:00,1.05083,1.05253,1.05025,1.0522
2023-10-15 20:00:00,1.05221,1.05257,1.05156,1.05235
2023-10-16 00:00:00,1.05234,1.05382,1.05223,1.05341
2023-10-16 04:00:00,1.0534,1.05428,1.05235,1.05365
2023-10-16 08:00:00,1.05365,1.05554,1.05256,1.05446
2023-10-16 12:00:00,1.05447,1.05627,1.05403,1.05626
2023-10-16 16:00:00,1.05627,1.05627,1.05529,1.05543
2023-10-16 20:00:00,1.05543,1.05607,1.05462,1.05498
2023-10-17 00:00:00,1.05499,1.05547,1.0534,1.05486
2023-10-17 04:00:00,1.05485,1.05793,1.05328,1.05752
2023-10-17 08:00:00,1.05751,1.05927,1.05383,1.05921
2023-10-17 12:00:00,1.05921,1.05948,1.05641,1.05769
2023-10-17 16:00:00,1.05768,1.05776,1.05718,1.05727
2023-10-17 20:00:00,1.05726,1.05789,1.05604,1.05754
2023-10-18 00:00:00,1.05754,1.05941,1.05704,1.05788
2023-10-18 04:00:00,1.05787,1.05867,1.05521,1.05606
2023-10-18 08:00:00,1.05606,1.05744,1.05259,1.05311
2023-10-18 12:00:00,1.05312,1.05536,1.05231,1.05354
2023-10-18 16:00:00,1.05353,1.05396,1.05327,1.05379
2023-10-18 20:00:00,1.05381,1.05418,1.05323,1.05338
2023-10-19 00:00:00,1.05336,1.05482,1.05282,1.05375
2023-10-19 04:00:00,1.05375,1.05635,1.05294,1.05578
2023-10-19 08:00:00,1.05577,1.05816,1.0556,1.05696
2023-10-19 12:00:00,1.05698,1.06163,1.05561,1.0588
2023-10-19 16:00:00,1.05879,1.05879,1.05781,1.05863
2023-10-19 20:00:00,1.05862,1.05864,1.05683,1.05759
2023-10-20 00:00:00,1.0576,1.05787,1.05649,1.05705
2023-10-20 04:00:00,1.05707,1.05989,1.05683,1.05908
2023-10-20 08:00:00,1.05907,1.06008,1.05653,1.0591
2023-10-20 12:00:00,1.05909,1.06035,1.05812,1.05921
2023-10-20 16:00:00,1.05921,1.05955,1.0591,1.05927
2023-10-22 17:00:00,1.0595,1.05968,1.05883,1.05896
2023-10-22 20:00:00,1.05893,1.05902,1.05733,1.05751
2023-10-23 00:00:00,1.0575,1.05976,1.05714,1.05976
2023-10-23 04:00:00,1.05976,1.06147,1.05904,1.06017
2023-10-23 08:00:00,1.06016,1.06466,1.0591,1.06453
2023-10-23 12:00:00,1.06453,1.06779,1.06409,1.06655
2023-10-23 16:00:00,1.06654,1.06719,1.06634,1.06698
2023-10-23 20:00:00,1.06699,1.06871,1.06668,1.06824
2023-10-24 00:00:00,1.06825,1.06942,1.06569,1.06627
2023-10-24 04:00:00,1.06627,1.06627,1.06217,1.06353
2023-10-24 08:00:00,1.06352,1.06364,1.0583,1.05936
2023-10-24 12:00:00,1.05937,1.06021,1.05834,1.05918
2023-10-24 16:00:00,1.05917,1.0595,1.05888,1.05949
2023-10-24 20:00:00,1.05952,1.0605,1.05897,1.0602
2023-10-25 00:00:00,1.06019,1.06067,1.05783,1.05871
2023-10-25 04:00:00,1.0587,1.05968,1.05658,1.05727
2023-10-25 08:00:00,1.05728,1.05956,1.05668,1.05829
2023-10-25 12:00:00,1.05829,1.05859,1.05658,1.05677
2023-10-25 16:00:00,1.05678,1.05697,1.05601,1.05661
2023-10-25 20:00:00,1.05661,1.05691,1.05414,1.05467
2023-10-26 00:00:00,1.05467,1.05494,1.0533,1.05482
2023-10-26 04:00:00,1.05481,1.05525,1.0531,1.05362
2023-10-26 08:00:00,1.05362,1.05603,1.05221,1.05317
2023-10-26 12:00:00,1.05316,1.05645,1.05249,1.05566
2023-10-26 16:00:00,1.05565,1.05657,1.05551,1.05638
2023-10-26 20:00:00,1.05637,1.05666,1.05525,1.05644
2023-10-27 00:00:00,1.05644,1.05698,1.0552,1.05584
2023-10-27 04:00:00,1.05583,1.05671,1.05354,1.0537
2023-10-27 08:00:00,1.0537,1.0597,1.05355,1.05912
2023-10-27 12:00:00,1.05913,1.05964,1.05573,1.05705
2023-10-27 16:00:00,1.05707,1.05707,1.05605,1.05605
2023-10-29 16:04:00,1.05644,1.05749,1.05551,1.05624
2023-10-29 20:00:00,1.05625,1.05658,1.05584,1.05609
2023-10-30 00:00:00,1.05609,1.05674,1.05471,1.05598
2023-10-30 04:00:00,1.05597,1.06084,1.05597,1.06068
2023-10-30 08:00:00,1.06068,1.0625,1.05909,1.06071
2023-10-30 12:00:00,1.06073,1.06215,1.06002,1.06144
2023-10-30 16:00:00,1.06145,1.06172,1.06094,1.06114
2023-10-30 20:00:00,1.06114,1.06126,1.05906,1.05938
2023-10-31 00:00:00,1.05938,1.06458,1.05926,1.06453
2023-10-31 04:00:00,1.06452,1.06748,1.06212,1.0624
2023-10-31 08:00:00,1.0624,1.06257,1.05574,1.05675
2023-10-31 12:00:00,1.05674,1.05856,1.05658,1.05725
2023-10-31 16:00:00,1.05721,1.05806,1.05686,1.05733
2023-10-31 20:00:00,1.05733,1.05764,1.05659,1.05672
2023-11-01 00:00:00,1.05671,1.05774,1.05572,1.05582
2023-11-01 04:00:00,1.05581,1.05626,1.05368,1.05385
2023-11-01 08:00:00,1.05385,1.05708,1.05216,1.05337
2023-11-01 12:00:00,1.05338,1.05757,1.05167,1.05697
2023-11-01 16:00:00,1.05694,1.0602,1.05667,1.06017
2023-11-01 20:00:00,1.06018,1.06021,1.05932,1.05959
2023-11-02 00:00:00,1.05958,1.061,1.0591,1.06003
2023-11-02 04:00:00,1.06004,1.06675,1.05989,1.0664
2023-11-02 08:00:00,1.0664,1.06668,1.06105,1.06153
2023-11-02 12:00:00,1.06154,1.06323,1.06138,1.06211
2023-11-02 16:00:00,1.06213,1.06244,1.06148,1.0618
2023-11-02 20:00:00,1.0618,1.06287,1.06146,1.06264
2023-11-03 00:00:00,1.06264,1.06338,1.06197,1.0627
2023-11-03 04:00:00,1.06269,1.07194,1.06241,1.07096
2023-11-03 08:00:00,1.07095,1.07393,1.06934,1.07391
2023-11-03 12:00:00,1.07391,1.07467,1.07224,1.07295
2023-11-05 17:00:00,1.07232,1.07334,1.07207,1.07242
2023-11-05 20:00:00,1.07243,1.07375,1.07222,1.07356
2023-11-06 00:00:00,1.07355,1.07562,1.07315,1.07501
2023-11-06 04:00:00,1.07502,1.07561,1.0739,1.07435
2023-11-06 08:00:00,1.07436,1.07492,1.07261,1.07459
2023-11-06 12:00:00,1.0746,1.07461,1.07193,1.07198
2023-11-06 16:00:00,1.07199,1.07221,1.07117,1.07138
2023-11-06 20:00:00,1.07136,1.07139,1.07051,1.07064
2023-11-07 00:00:00,1.07065,1.07116,1.06918,1.07036
2023-11-07 04:00:00,1.07037,1.07037,1.06655,1.06786
2023-11-07 08:00:00,1.06787,1.06927,1.0664,1.06858
2023-11-07 12:00:00,1.06858,1.07047,1.06724,1.06948
2023-11-07 16:00:00,1.06947,1.07008,1.06894,1.06902
2023-11-07 20:00:00,1.06903,1.06992,1.06863,1.0692
2023-11-08 00:00:00,1.0692,1.06928,1.06713,1.06724
2023-11-08 04:00:00,1.06731,1.06777,1.06593,1.06681
2023-11-08 08:00:00,1.0668,1.0716,1.06601,1.07143
2023-11-08 12:00:00,1.07144,1.07146,1.06999,1.07097
2023-11-08 16:00:00,1.07096,1.07127,1.07024,1.07033
2023-11-08 20:00:00,1.07034,1.07156,1.07028,1.07088
2023-11-09 00:00:00,1.07088,1.071,1.06936,1.07015
2023-11-09 04:00:00,1.07015,1.07047,1.06804,1.06902
2023-11-09 08:00:00,1.06904,1.07254,1.06865,1.07097
2023-11-09 12:00:00,1.07097,1.07126,1.06601,1.06638
2023-11-09 16:00:00,1.06639,1.06704,1.06629,1.06683
2023-11-09 20:00:00,1.06683,1.0675,1.06667,1.06712
2023-11-10 00:00:00,1.06712,1.06783,1.0656,1.0671
2023-11-10 04:00:00,1.0671,1.06889,1.06643,1.06817
2023-11-10 08:00:00,1.06818,1.06927,1.06624,1.06694
2023-11-10 12:00:00,1.06693,1.06875,1.0664,1.06852
2023-11-10 16:00:00,1.0685,1.06871,1.06825,1.06848
2023-11-12 17:00:00,1.06818,1.06906,1.06799,1.06838
2023-11-12 20:00:00,1.06838,1.0689,1.0681,1.06842
2023-11-13 00:00:00,1.06842,1.06974,1.06835,1.06913
2023-11-13 04:00:00,1.06914,1.07013,1.06697,1.06731
2023-11-13 08:00:00,1.0673,1.07038,1.0665,1.06993
2023-11-13 12:00:00,1.06991,1.07061,1.069,1.0699
2023-11-13 16:00:00,1.06993,1.07023,1.06975,1.06996
2023-11-13 20:00:00,1.06998,1.07022,1.06945,1.06963
2023-11-14 00:00:00,1.06962,1.07099,1.06928,1.06981
2023-11-14 04:00:00,1.0698,1.07305,1.0696,1.0721
2023-11-14 08:00:00,1.0721,1.0864,1.07049,1.08603
2023-11-14 12:00:00,1.08604,1.08875,1.08541,1.08825
2023-11-14 16:00:00,1.08824,1.08828,1.08656,1.08695
2023-11-14 20:00:00,1.08694,1.08836,1.08673,1.08777
2023-11-15 00:00:00,1.08778,1.08794,1.08647,1.08704
2023-11-15 04:00:00,1.08704,1.08705,1.08439,1.08636
2023-11-15 08:00:00,1.08636,1.08858,1.08315,1.08522
2023-11-15 12:00:00,1.08522,1.08562,1.0841,1.0843
2023-11-15 16:00:00,1.0843,1.08555,1.08426,1.08551
2023-11-15 20:00:00,1.08552,1.08558,1.083,1.08369
2023-11-16 00:00:00,1.08369,1.0855,1.08334,1.08549
2023-11-16 04:00:00,1.08549,1.08607,1.0839,1.08424
2023-11-16 08:00:00,1.08424,1.08955,1.08416,1.08499
2023-11-16 12:00:00,1.08499,1.08655,1.08449,1.08462
2023-11-16 16:00:00,1.08463,1.08557,1.08434,1.08531
2023-11-16 20:00:00,1.08533,1.08569,1.08492,1.08502
2023-11-17 00:00:00,1.08504,1.08563,1.08247,1.08482
2023-11-17 04:00:00,1.08481,1.08746,1.08452,1.08631
2023-11-17 08:00:00,1.08632,1.08933,1.08585,1.08784
2023-11-17 12:00:00,1.08785,1.09091,1.08781,1.09083
2023-11-17 16:00:00,1.09082,1.09148,1.09047,1.09138
2023-11-19 17:00:00,1.09095,1.0911,1.08974,1.09012
2023-11-19 20:00:00,1.09014,1.09358,1.09014,1.0922
2023-11-20 00:00:00,1.09219,1.09296,1.09129,1.09191
2023-11-20 04:00:00,1.09192,1.09401,1.09184,1.09297
2023-11-20 08:00:00,1.09298,1.09457,1.09187,1.09443
2023-11-20 12:00:00,1.09442,1.09517,1.09351,1.09418
2023-11-20 16:00:00,1.09418,1.0952,1.09379,1.09454
2023-11-20 20:00:00,1.09454,1.09651,1.0943,1.09586
2023-11-21 00:00:00,1.09589,1.09639,1.09436,1.0946
2023-11-21 04:00:00,1.09459,1.09537,1.0939,1.09481
2023-11-21 08:00:00,1.09482,1.09612,1.09223,1.09228
2023-11-21 12:00:00,1.09235,1.09265,1.09001,1.09117
2023-11-21 16:00:00,1.09118,1.09196,1.09098,1.09196
2023-11-21 20:00:00,1.09195,1.09229,1.09088,1.09137
2023-11-22 00:00:00,1.09136,1.09197,1.08826,1.08855
2023-11-22 04:00:00,1.08854,1.09121,1.08851,1.09066
2023-11-22 08:00:00,1.09064,1.09177,1.08522,1.08703
2023-11-22 12:00:00,1.08704,1.08882,1.08687,1.08873
2023-11-22 16:00:00,1.08873,1.08924,1.08834,1.08919
2023-11-22 20:00:00,1.08919,1.09057,1.08885,1.09025
2023-11-23 00:00:00,1.09025,1.09303,1.08955,1.09175
2023-11-23 04:00:00,1.09179,1.0924,1.09002,1.09033
2023-11-23 08:00:00,1.09033,1.09104,1.0887,1.09061
2023-11-23 12:00:00,1.09062,1.09073,1.09024,1.09055
2023-11-23 16:00:00,1.09053,1.09098,1.09021,1.09067
2023-11-23 20:00:00,1.09069,1.09102,1.08949,1.09035
2023-11-24 00:00:00,1.09035,1.09193,1.0903,1.09189
2023-11-24 04:00:00,1.09187,1.09282,1.09014,1.09166
2023-11-24 08:00:00,1.09167,1.09452,1.09068,1.09332
2023-11-24 12:00:00,1.09332,1.09486,1.09282,1.09434
2023-11-24 16:00:00,1.09435,1.0946,1.09341,1.09341
2023-11-26 17:00:00,1.09438,1.09474,1.09285,1.09286
2023-11-26 20:00:00,1.09287,1.09497,1.09267,1.09473
2023-11-27 00:00:00,1.09472,1.09592,1.09392,1.09429
2023-11-27 04:00:00,1.09429,1.09564,1.09409,1.09496
2023-11-27 08:00:00,1.09497,1.09551,1.09251,1.09363
2023-11-27 12:00:00,1.09362,1.09574,1.09293,1.09568
2023-11-27 16:00:00,1.09569,1.09615,1.095,1.0958
2023-11-27 20:00:00,1.0958,1.09628,1.0952,1.09524
2023-11-28 00:00:00,1.09523,1.09533,1.09344,1.09474
2023-11-28 04:00:00,1.09474,1.09624,1.09465,1.09507
2023-11-28 08:00:00,1.09507,1.10058,1.09454,1.10051
2023-11-28 12:00:00,1.10055,1.10088,1.09732,1.09882
2023-11-28 16:00:00,1.0988,1.10076,1.09859,1.10059
2023-11-28 20:00:00,1.10061,1.10171,1.09967,1.10025
2023-11-29 00:00:00,1.10024,1.10045,1.09764,1.09897
2023-11-29 04:00:00,1.09893,1.09906,1.09691,1.0985
2023-11-29 08:00:00,1.09852,1.09948,1.09601,1.09683
2023-11-29 12:00:00,1.09683,1.09947,1.0966,1.09723
2023-11-29 16:00:00,1.09725,1.09838,1.09678,1.09825
2023-11-29 20:00:00,1.09825,1.09825,1.09672,1.09689
2023-11-30 00:00:00,1.0969,1.09817,1.09204,1.09232
2023-11-30 04:00:00,1.09231,1.09388,1.0909,1.09254
2023-11-30 08:00:00,1.09255,1.09496,1.08924,1.09068
2023-11-30 12:00:00,1.09067,1.09121,1.08794,1.08849
2023-11-30 16:00:00,1.08849,1.09029,1.08814,1.09017
2023-11-30 20:00:00,1.09017,1.09127,1.08982,1.09066
2023-12-01 00:00:00,1.09066,1.09122,1.0886,1.08933
2023-12-01 04:00:00,1.08929,1.09046,1.08756,1.08766
2023-12-01 08:00:00,1.08767,1.08854,1.08287,1.08772
2023-12-01 12:00:00,1.08771,1.08928,1.087,1.08793
2023-12-01 16:00:00,1.08794,1.08846,1.08776,1.08788
2023-12-03 17:00:00,1.08771,1.08948,1.08699,1.08716
2023-12-03 20:00:00,1.08715,1.08858,1.08665,1.08714
2023-12-04 00:00:00,1.08715,1.08764,1.08498,1.08638
2023-12-04 04:00:00,1.08639,1.08807,1.08587,1.08691
2023-12-04 08:00:00,1.0869,1.08759,1.0804,1.0823
2023-12-04 12:00:00,1.08229,1.08354,1.0815,1.08339
2023-12-04 16:00:00,1.0834,1.08461,1.0831,1.08433
2023-12-04 20:00:00,1.08433,1.08444,1.08345,1.0844
2023-12-05 00:00:00,1.0844,1.08474,1.0804,1.08338
2023-12-05 04:00:00,1.08338,1.08425,1.08123,1.08141
2023-12-05 08:00:00,1.0814,1.08388,1.07819,1.07859
2023-12-05 12:00:00,1.07859,1.07978,1.07781,1.07951
2023-12-05 16:00:00,1.07952,1.07987,1.07892,1.07952
2023-12-05 20:00:00,1.07953,1.07996,1.07879,1.07943
2023-12-06 00:00:00,1.07942,1.08017,1.0775,1.07866
2023-12-06 04:00:00,1.07863,1.07977,1.07725,1.07773
2023-12-06 08:00:00,1.07772,1.08047,1.0777,1.07891
2023-12-06 12:00:00,1.0789,1.07918,1.07586,1.07621
2023-12-06 16:00:00,1.07621,1.07721,1.07619,1.07687
2023-12-06 20:00:00,1.07686,1.07711,1.0758,1.07603
2023-12-07 00:00:00,1.07604,1.07827,1.07552,1.07801
2023-12-07 04:00:00,1.07801,1.07845,1.07593,1.07692
2023-12-07 08:00:00,1.07691,1.07979,1.07611,1.07937
2023-12-07 12:00:00,1.07936,1.08175,1.0789,1.07953
2023-12-07 16:00:00,1.07953,1.07979,1.07884,1.07959
2023-12-07 20:00:00,1.0796,1.08005,1.07827,1.07829
2023-12-08 00:00:00,1.07828,1.07911,1.0773,1.07893
2023-12-08 04:00:00,1.07892,1.07898,1.07723,1.07773
2023-12-08 08:00:00,1.07772,1.07856,1.07236,1.07447
2023-12-08 12:00:00,1.07448,1.07664,1.07402,1.07636
2023-12-08 16:00:00,1.07636,1.07642,1.07578,1.07592
2023-12-10 17:00:00,1.07592,1.07734,1.07556,1.07719
2023-12-10 20:00:00,1.0772,1.07739,1.07608,1.0763
2023-12-11 00:00:00,1.07629,1.07709,1.07513,1.07651
2023-12-11 04:00:00,1.0765,1.07789,1.07553,1.07611
2023-12-11 08:00:00,1.0761,1.07666,1.07415,1.07459
2023-12-11 12:00:00,1.07458,1.07696,1.07425,1.07646
2023-12-11 16:00:00,1.07645,1.0766,1.07586,1.07649
2023-12-11 20:00:00,1.07649,1.07703,1.07612,1.07651
2023-12-12 00:00:00,1.07654,1.0792,1.07653,1.07852
2023-12-12 04:00:00,1.07852,1.08072,1.07805,1.07981
2023-12-12 08:00:00,1.07981,1.08279,1.07671,1.07887
2023-12-12 12:00:00,1.07888,1.07986,1.07839,1.07971
2023-12-12 16:00:00,1.07971,1.07998,1.07913,1.07939
2023-12-12 20:00:00,1.07938,1.07961,1.07842,1.07862
2023-12-13 00:00:00,1.07864,1.07928,1.07801,1.07893
2023-12-13 04:00:00,1.07892,1.07917,1.07731,1.07817
2023-12-13 08:00:00,1.07819,1.08093,1.07819,1.07919
2023-12-13 12:00:00,1.0792,1.08965,1.07799,1.08812
2023-12-13 16:00:00,1.08812,1.0895,1.08707,1.08931
2023-12-13 20:00:00,1.08932,1.09153,1.08854,1.08993
2023-12-14 00:00:00,1.08993,1.09079,1.088,1.09018
2023-12-14 04:00:00,1.09017,1.09397,1.08982,1.09237
2023-12-14 08:00:00,1.0924,1.1003,1.09062,1.09961
2023-12-14 12:00:00,1.09962,1.10092,1.09795,1.09928
2023-12-14 16:00:00,1.09928,1.09964,1.09768,1.09829
2023-12-14 20:00:00,1.0983,1.10036,1.09817,1.0998
2023-12-15 00:00:00,1.0998,1.09992,1.0946,1.0956
2023-12-15 04:00:00,1.0956,1.09694,1.09407,1.09432
2023-12-15 08:00:00,1.09434,1.09482,1.09015,1.09053
2023-12-15 12:00:00,1.09053,1.09163,1.08885,1.08941
2023-12-15 16:00:00,1.08942,1.08964,1.0892,1.08922
2023-12-17 17:00:00,1.08973,1.09013,1.0892,1.09004
2023-12-17 20:00:00,1.09005,1.09136,1.08945,1.09128
2023-12-18 00:00:00,1.0913,1.09299,1.09106,1.0918
2023-12-18 04:00:00,1.0918,1.09282,1.09071,1.09136
2023-12-18 08:00:00,1.09136,1.09311,1.09109,1.09189
2023-12-18 12:00:00,1.09188,1.09279,1.09131,1.09195
2023-12-18 16:00:00,1.09195,1.09246,1.09174,1.09201
2023-12-18 20:00:00,1.09202,1.09289,1.09148,1.0923
2023-12-19 00:00:00,1.09229,1.09423,1.09207,1.09407
2023-12-19 04:00:00,1.09407,1.09707,1.09304,1.09686
2023-12-19 08:00:00,1.09685,1.09873,1.09537,1.09769
2023-12-19 12:00:00,1.09769,1.09793,1.09693,1.09783
2023-12-19 16:00:00,1.09784,1.09843,1.09716,1.0973
2023-12-19 20:00:00,1.0973,1.09742,1.09658,1.09686
2023-12-20 00:00:00,1.09686,1.09713,1.09506,1.09607
2023-12-20 04:00:00,1.09608,1.09654,1.09339,1.09368
2023-12-20 08:00:00,1.09367,1.09756,1.09358,1.09564
2023-12-20 12:00:00,1.09564,1.09636,1.09311,1.09317
2023-12-20 16:00:00,1.09315,1.09501,1.09298,1.09497
2023-12-20 20:00:00,1.09497,1.09542,1.09451,1.09491
2023-12-21 00:00:00,1.09492,1.09558,1.0939,1.09395
2023-12-21 04:00:00,1.09397,1.09869,1.09352,1.09806
2023-12-21 08:00:00,1.09805,1.10023,1.09724,1.09895
2023-12-21 12:00:00,1.09897,1.10031,1.0978,1.10028
2023-12-21 16:00:00,1.10028,1.10125,1.0997,1.10046
2023-12-21 20:00:00,1.10047,1.10064,1.09954,1.10004
2023-12-22 00:00:00,1.10003,1.10117,1.09938,1.10071
2023-12-22 04:00:00,1.10071,1.10379,1.10025,1.10186
2023-12-22 08:00:00,1.10187,1.10401,1.10016,1.10072
2023-12-22 12:00:00,1.10071,1.10191,1.1,1.10125
2023-12-22 16:00:00,1.10125,1.10139,1.10101,1.10135
2023-12-24 18:00:00,1.10108,1.10159,1.09933,1.09997
2023-12-24 20:00:00,1.09994,1.10105,1.09982,1.10025
2023-12-25 00:00:00,1.10025,1.10202,1.09974,1.10097
2023-12-25 17:04:00,1.10009,1.1023,1.10009,1.10191
2023-12-25 20:00:00,1.10194,1.10286,1.10177,1.10224
2023-12-26 00:00:00,1.10223,1.10272,1.10137,1.10148
2023-12-26 04:00:00,1.10147,1.10194,1.10085,1.10128
2023-12-26 08:00:00,1.10127,1.10376,1.10118,1.10342
2023-12-26 12:00:00,1.10343,1.1045,1.103,1.10423
2023-12-26 16:00:00,1.10423,1.1044,1.10358,1.10367
2023-12-26 20:00:00,1.10366,1.1042,1.10286,1.10416
2023-12-27 00:00:00,1.10416,1.10543,1.10364,1.10469
2023-12-27 04:00:00,1.10466,1.10699,1.10463,1.10683
2023-12-27 08:00:00,1.10684,1.11226,1.10621,1.11125
2023-12-27 12:00:00,1.11125,1.11139,1.10988,1.11064
2023-12-27 16:00:00,1.11063,1.1117,1.10968,1.11146
2023-12-27 20:00:00,1.11147,1.11224,1.11096,1.11102
2023-12-28 00:00:00,1.11101,1.11255,1.11042,1.1121
2023-12-28 04:00:00,1.1121,1.11394,1.1111,1.11124
2023-12-28 08:00:00,1.11125,1.112,1.1069,1.10718
2023-12-28 12:00:00,1.10718,1.10764,1.10552,1.10655
2023-12-28 16:00:00,1.10655,1.10791,1.10588,1.10763
2023-12-28 20:00:00,1.10766,1.10842,1.10637,1.10666
2023-12-29 00:00:00,1.10666,1.10774,1.10581,1.10605
2023-12-29 04:00:00,1.10606,1.10806,1.10442,1.10516
2023-12-29 08:00:00,1.10515,1.10784,1.10425,1.10608
2023-12-29 12:00:00,1.10607,1.10667,1.10381,1.10409
2023-12-29 16:00:00,1.10411,1.10411,1.10339,1.10361
